"Date","Year","Month","RF"
"1920/01","1920","01","8.8"
"1920/02","1920","02","2.4"
"1920/03","1920","03","18.5"
"1920/04","1920","04","4.9"
"1920/05","1920","05","1.1"
"1920/06","1920","06","2.6"
"1920/07","1920","07","6.2"
"1920/08","1920","08","6.2"
"1920/09","1920","09","4.5"
"1920/10","1920","10","6.5"
"1920/11","1920","11","9.1"
"1920/12","1920","12","14.5"
"1921/01","1921","01","23.1"
"1921/02","1921","02","3"
"1921/03","1921","03","6.5"
"1921/04","1921","04","11"
"1921/05","1921","05","3.3"
"1921/06","1921","06","2.1"
"1921/07","1921","07","6.9"
"1921/08","1921","08","7.2"
"1921/09","1921","09","4.2"
"1921/10","1921","10","8.2"
"1921/11","1921","11","36.9"
"1921/12","1921","12","31.4"
"1922/01","1922","01","29.2"
"1922/02","1922","02","18.4"
"1922/03","1922","03","24.1"
"1922/04","1922","04","8.8"
"1922/05","1922","05","3.7"
"1922/06","1922","06","0.8"
"1922/07","1922","07","2.8"
"1922/08","1922","08","5.3"
"1922/09","1922","09","9"
"1922/10","1922","10","7.4"
"1922/11","1922","11","15.4"
"1922/12","1922","12","1.2"
"1923/01","1923","01","30"
"1923/02","1923","02","11.3"
"1923/03","1923","03","19.9"
"1923/04","1923","04","14.1"
"1923/05","1923","05","3.6"
"1923/06","1923","06","2.6"
"1923/07","1923","07","7.3"
"1923/08","1923","08","4.9"
"1923/09","1923","09","10.4"
"1923/10","1923","10","19.6"
"1923/11","1923","11","7.9"
"1923/12","1923","12","27.2"
"1924/01","1924","01","3.3"
"1924/02","1924","02","27.2"
"1924/03","1924","03","7.7"
"1924/04","1924","04","15"
"1924/05","1924","05","9.6"
"1924/06","1924","06","2.9"
"1924/07","1924","07","11"
"1924/08","1924","08","6.4"
"1924/09","1924","09","7.1"
"1924/10","1924","10","16.8"
"1924/11","1924","11","16.6"
"1924/12","1924","12","9.9"
"1925/01","1925","01","9.4"
"1925/02","1925","02","6.4"
"1925/03","1925","03","30.8"
"1925/04","1925","04","20.5"
"1925/05","1925","05","5.5"
"1925/06","1925","06","9.9"
"1925/07","1925","07","4.3"
"1925/08","1925","08","11.8"
"1925/09","1925","09","7.3"
"1925/10","1925","10","3.5"
"1925/11","1925","11","7.3"
"1925/12","1925","12","4.1"
"1926/01","1926","01","6.3"
"1926/02","1926","02","4.7"
"1926/03","1926","03","2.2"
"1926/04","1926","04","5.2"
"1926/05","1926","05","2.4"
"1926/06","1926","06","6"
"1926/07","1926","07","3.3"
"1926/08","1926","08","11.6"
"1926/09","1926","09","5.3"
"1926/10","1926","10","5.3"
"1926/11","1926","11","3.4"
"1926/12","1926","12","7.7"
"1927/01","1927","01","10.3"
"1927/02","1927","02","7.2"
"1927/03","1927","03","10.3"
"1927/04","1927","04","18.1"
"1927/05","1927","05","8.4"
"1927/06","1927","06","2.1"
"1927/07","1927","07","10.7"
"1927/08","1927","08","9.8"
"1927/09","1927","09","12"
"1927/10","1927","10","3.3"
"1927/11","1927","11","8.7"
"1927/12","1927","12","23.3"
"1928/01","1928","01","9.7"
"1928/02","1928","02","5.9"
"1928/03","1928","03","9.1"
"1928/04","1928","04","10.2"
"1928/05","1928","05","9.5"
"1928/06","1928","06","3.5"
"1928/07","1928","07","11"
"1928/08","1928","08","5.9"
"1928/09","1928","09","6.6"
"1928/10","1928","10","3.7"
"1928/11","1928","11","12.2"
"1928/12","1928","12","16.4"
"1929/01","1929","01","15.9"
"1929/02","1929","02","26.5"
"1929/03","1929","03","7.9"
"1929/04","1929","04","6.1"
"1929/05","1929","05","5.9"
"1929/06","1929","06","2.9"
"1929/07","1929","07","4.7"
"1929/08","1929","08","8.1"
"1929/09","1929","09","3.2"
"1929/10","1929","10","3.4"
"1929/11","1929","11","15.8"
"1929/12","1929","12","23.2"
"1930/01","1930","01","15.7"
"1930/02","1930","02","9.3"
"1930/03","1930","03","16.1"
"1930/04","1930","04","17.7"
"1930/05","1930","05","4.7"
"1930/06","1930","06","7.7"
"1930/07","1930","07","6.4"
"1930/08","1930","08","7.7"
"1930/09","1930","09","12.7"
"1930/10","1930","10","5.3"
"1930/11","1930","11","24.2"
"1930/12","1930","12","7.6"
"1931/01","1931","01","1.9"
"1931/02","1931","02","5.4"
"1931/03","1931","03","3.5"
"1931/04","1931","04","11.9"
"1931/05","1931","05","6.8"
"1931/06","1931","06","3.8"
"1931/07","1931","07","14.2"
"1931/08","1931","08","10.8"
"1931/09","1931","09","13"
"1931/10","1931","10","7.6"
"1931/11","1931","11","11.2"
"1931/12","1931","12","13.2"
"1932/01","1932","01","7.5"
"1932/02","1932","02","12.9"
"1932/03","1932","03","5.4"
"1932/04","1932","04","9.2"
"1932/05","1932","05","6.2"
"1932/06","1932","06","5"
"1932/07","1932","07","6.9"
"1932/08","1932","08","3.2"
"1932/09","1932","09","3.6"
"1932/10","1932","10","1.6"
"1932/11","1932","11","7"
"1932/12","1932","12","6.3"
"1933/01","1933","01","9.7"
"1933/02","1933","02","6.4"
"1933/03","1933","03","13.4"
"1933/04","1933","04","5.3"
"1933/05","1933","05","2.4"
"1933/06","1933","06","2.6"
"1933/07","1933","07","2.7"
"1933/08","1933","08","1.5"
"1933/09","1933","09","2.1"
"1933/10","1933","10","1.2"
"1933/11","1933","11","9.4"
"1933/12","1933","12","6.7"
"1934/01","1934","01","3.6"
"1934/02","1934","02","6.6"
"1934/03","1934","03","5.1"
"1934/04","1934","04","18.9"
"1934/05","1934","05","14"
"1934/06","1934","06","9.8"
"1934/07","1934","07","6.6"
"1934/08","1934","08","4.9"
"1934/09","1934","09","9.3"
"1934/10","1934","10","5.2"
"1934/11","1934","11","11.5"
"1934/12","1934","12","8.2"
"1935/01","1935","01","16.8"
"1935/02","1935","02","19.6"
"1935/03","1935","03","5.8"
"1935/04","1935","04","9"
"1935/05","1935","05","3.3"
"1935/06","1935","06","4.8"
"1935/07","1935","07","4.2"
"1935/08","1935","08","3.7"
"1935/09","1935","09","4"
"1935/10","1935","10","4.5"
"1935/11","1935","11","8.6"
"1935/12","1935","12","1.4"
"1936/01","1936","01","5.2"
"1936/02","1936","02","8.8"
"1936/03","1936","03","11.8"
"1936/04","1936","04","7"
"1936/05","1936","05","8.5"
"1936/06","1936","06","5.9"
"1936/07","1936","07","8.5"
"1936/08","1936","08","8.4"
"1936/09","1936","09","9.8"
"1936/10","1936","10","7.6"
"1936/11","1936","11","5.9"
"1936/12","1936","12","26.6"
"1937/01","1937","01","19.8"
"1937/02","1937","02","18.3"
"1937/03","1937","03","15.1"
"1937/04","1937","04","5.6"
"1937/05","1937","05","18.5"
"1937/06","1937","06","3.7"
"1937/07","1937","07","14.2"
"1937/08","1937","08","20.3"
"1937/09","1937","09","4.6"
"1937/10","1937","10","5.3"
"1937/11","1937","11","11.6"
"1937/12","1937","12","12.7"
"1938/01","1938","01","13.2"
"1938/02","1938","02","3.9"
"1938/03","1938","03","16.8"
"1938/04","1938","04","38.1"
"1938/05","1938","05","17.9"
"1938/06","1938","06","6.9"
"1938/07","1938","07","3.7"
"1938/08","1938","08","14.6"
"1938/09","1938","09","3.1"
"1938/10","1938","10","6.5"
"1938/11","1938","11","5.3"
"1938/12","1938","12","7.3"
"1939/01","1939","01","25.6"
"1939/02","1939","02","9.6"
"1939/03","1939","03","12.4"
"1939/04","1939","04","15.2"
"1939/05","1939","05","6.5"
"1939/06","1939","06","8.4"
"1939/07","1939","07","7"
"1939/08","1939","08","7.1"
"1939/09","1939","09","6.8"
"1939/10","1939","10","4.7"
"1939/11","1939","11","10.6"
"1939/12","1939","12","4"
"1940/01","1940","01","7.8"
"1940/02","1940","02","4.6"
"1940/03","1940","03","6"
"1940/04","1940","04","4.3"
"1940/05","1940","05","12.7"
"1940/06","1940","06","3.2"
"1940/07","1940","07","5.1"
"1940/08","1940","08","29"
"1940/09","1940","09","9.4"
"1940/10","1940","10","5.3"
"1940/11","1940","11","5.6"
"1940/12","1940","12","5.7"
"1941/01","1941","01","5.7"
"1941/02","1941","02","3.1"
"1941/03","1941","03","15.7"
"1941/04","1941","04","3.9"
"1941/05","1941","05","9.7"
"1941/06","1941","06","18.8"
"1941/07","1941","07","3.9"
"1941/08","1941","08","9.8"
"1941/09","1941","09","13.8"
"1941/10","1941","10","31.4"
"1941/11","1941","11","4.4"
"1941/12","1941","12","12.3"
"1942/01","1942","01","1.9"
"1942/02","1942","02","20.4"
"1942/03","1942","03","39.7"
"1942/04","1942","04","10.9"
"1942/05","1942","05","7.9"
"1942/06","1942","06","7.1"
"1942/07","1942","07","12.1"
"1942/08","1942","08","8.6"
"1942/09","1942","09","11.7"
"1942/10","1942","10","9.2"
"1942/11","1942","11","10.3"
"1942/12","1942","12","14.4"
"1943/01","1943","01","12.1"
"1943/02","1943","02","8.5"
"1943/03","1943","03","10.6"
"1943/04","1943","04","9.4"
"1943/05","1943","05","10.9"
"1943/06","1943","06","4"
"1943/07","1943","07","6.9"
"1943/08","1943","08","10.3"
"1943/09","1943","09","5.4"
"1943/10","1943","10","2.4"
"1943/11","1943","11","3.3"
"1943/12","1943","12","12.3"
"1944/01","1944","01","1.3"
"1944/02","1944","02","5.7"
"1944/03","1944","03","14.6"
"1944/04","1944","04","8.4"
"1944/05","1944","05","5.9"
"1944/06","1944","06","6"
"1944/07","1944","07","4.3"
"1944/08","1944","08","5.4"
"1944/09","1944","09","3.5"
"1944/10","1944","10","4.7"
"1944/11","1944","11","6.9"
"1944/12","1944","12","7.2"
"1945/01","1945","01","1.3"
"1945/02","1945","02","4.7"
"1945/03","1945","03","9.9"
"1945/04","1945","04","12.5"
"1945/05","1945","05","2.1"
"1945/06","1945","06","3.5"
"1945/07","1945","07","4.2"
"1945/08","1945","08","13.8"
"1945/09","1945","09","4.3"
"1945/10","1945","10","7"
"1945/11","1945","11","5.6"
"1945/12","1945","12","4.4"
"1946/01","1946","01","21.9"
"1946/02","1946","02","11.1"
"1946/03","1946","03","16.2"
"1946/04","1946","04","12.9"
"1946/05","1946","05","2.1"
"1946/06","1946","06","2.1"
"1946/07","1946","07","17.2"
"1946/08","1946","08","2.9"
"1946/09","1946","09","2.8"
"1946/10","1946","10","5.4"
"1946/11","1946","11","15.4"
"1946/12","1946","12","43.9"
"1947/01","1947","01","6"
"1947/02","1947","02","3.9"
"1947/03","1947","03","11.3"
"1947/04","1947","04","5"
"1947/05","1947","05","15"
"1947/06","1947","06","3"
"1947/07","1947","07","5.4"
"1947/08","1947","08","9.7"
"1947/09","1947","09","7.1"
"1947/10","1947","10","18.2"
"1947/11","1947","11","9.4"
"1947/12","1947","12","23.8"
"1948/01","1948","01","30.1"
"1948/02","1948","02","5.3"
"1948/03","1948","03","26.1"
"1948/04","1948","04","15.5"
"1948/05","1948","05","6.7"
"1948/06","1948","06","5.2"
"1948/07","1948","07","8.6"
"1948/08","1948","08","7.2"
"1948/09","1948","09","6.6"
"1948/10","1948","10","8.9"
"1948/11","1948","11","13.6"
"1948/12","1948","12","21.8"
"1949/01","1949","01","11.8"
"1949/02","1949","02","4.8"
"1949/03","1949","03","6.9"
"1949/04","1949","04","5.1"
"1949/05","1949","05","2.2"
"1949/06","1949","06","6.1"
"1949/07","1949","07","5.8"
"1949/08","1949","08","3.5"
"1949/09","1949","09","1.5"
"1949/10","1949","10","2.9"
"1949/11","1949","11","10.3"
"1949/12","1949","12","5.7"
"1950/01","1950","01","8.3"
"1950/02","1950","02","9.7"
"1950/03","1950","03","15.6"
"1950/04","1950","04","23.1"
"1950/05","1950","05","8"
"1950/06","1950","06","3.2"
"1950/07","1950","07","5.6"
"1950/08","1950","08","17.4"
"1950/09","1950","09","5.4"
"1950/10","1950","10","6.4"
"1950/11","1950","11","14.4"
"1950/12","1950","12","19.5"
"1951/01","1951","01","11.7"
"1951/02","1951","02","12.6"
"1951/03","1951","03","10.1"
"1951/04","1951","04","4.9"
"1951/05","1951","05","2.6"
"1951/06","1951","06","4.2"
"1951/07","1951","07","5.2"
"1951/08","1951","08","11.2"
"1951/09","1951","09","3.1"
"1951/10","1951","10","5.8"
"1951/11","1951","11","9.2"
"1951/12","1951","12","5.5"
"1952/01","1952","01","8.6"
"1952/02","1952","02","6.5"
"1952/03","1952","03","16.3"
"1952/04","1952","04","6.5"
"1952/05","1952","05","6.4"
"1952/06","1952","06","4.5"
"1952/07","1952","07","7.8"
"1952/08","1952","08","3.5"
"1952/09","1952","09","3.7"
"1952/10","1952","10","8"
"1952/11","1952","11","16.7"
"1952/12","1952","12","10"
"1953/01","1953","01","0.5"
"1953/02","1953","02","3.7"
"1953/03","1953","03","10.8"
"1953/04","1953","04","2"
"1953/05","1953","05","8.5"
"1953/06","1953","06","2.6"
"1953/07","1953","07","1.9"
"1953/08","1953","08","5.5"
"1953/09","1953","09","1.7"
"1953/10","1953","10","3.8"
"1953/11","1953","11","5.6"
"1953/12","1953","12","5"
"1954/01","1954","01","6.5"
"1954/02","1954","02","3.3"
"1954/03","1954","03","12.7"
"1954/04","1954","04","8.1"
"1954/05","1954","05","12"
"1954/06","1954","06","5.6"
"1954/07","1954","07","18.8"
"1954/08","1954","08","9"
"1954/09","1954","09","6"
"1954/10","1954","10","4.3"
"1954/11","1954","11","3.2"
"1954/12","1954","12","57.2"
"1955/01","1955","01","8.5"
"1955/02","1955","02","23.2"
"1955/03","1955","03","13.6"
"1955/04","1955","04","9.6"
"1955/05","1955","05","7.4"
"1955/06","1955","06","3.9"
"1955/07","1955","07","8.3"
"1955/08","1955","08","11"
"1955/09","1955","09","3"
"1955/10","1955","10","2.8"
"1955/11","1955","11","5.7"
"1955/12","1955","12","13.5"
"1956/01","1956","01","13.5"
"1956/02","1956","02","33.7"
"1956/03","1956","03","4.7"
"1956/04","1956","04","13.2"
"1956/05","1956","05","9.7"
"1956/06","1956","06","12.4"
"1956/07","1956","07","8.2"
"1956/08","1956","08","9.7"
"1956/09","1956","09","2.3"
"1956/10","1956","10","11.1"
"1956/11","1956","11","3.1"
"1956/12","1956","12","5"
"1957/01","1957","01","7.8"
"1957/02","1957","02","17.4"
"1957/03","1957","03","3.7"
"1957/04","1957","04","12.9"
"1957/05","1957","05","7.4"
"1957/06","1957","06","2.2"
"1957/07","1957","07","7.8"
"1957/08","1957","08","24.1"
"1957/09","1957","09","4.3"
"1957/10","1957","10","4.7"
"1957/11","1957","11","12.5"
"1957/12","1957","12","26.1"
"1958/01","1958","01","7.6"
"1958/02","1958","02","3.7"
"1958/03","1958","03","11"
"1958/04","1958","04","3.2"
"1958/05","1958","05","6"
"1958/06","1958","06","3.7"
"1958/07","1958","07","17"
"1958/08","1958","08","18.2"
"1958/09","1958","09","4.7"
"1958/10","1958","10","18"
"1958/11","1958","11","6.8"
"1958/12","1958","12","9.5"
"1959/01","1959","01","17.3"
"1959/02","1959","02","17.1"
"1959/03","1959","03","7.4"
"1959/04","1959","04","9.4"
"1959/05","1959","05","7.2"
"1959/06","1959","06","1.2"
"1959/07","1959","07","5.6"
"1959/08","1959","08","9.1"
"1959/09","1959","09","4.7"
"1959/10","1959","10","3.9"
"1959/11","1959","11","9.3"
"1959/12","1959","12","14.8"
"1960/01","1960","01","5.6"
"1960/02","1960","02","33.8"
"1960/03","1960","03","9.8"
"1960/04","1960","04","12.3"
"1960/05","1960","05","7.4"
"1960/06","1960","06","4.4"
"1960/07","1960","07","3.4"
"1960/08","1960","08","5.1"
"1960/09","1960","09","6.5"
"1960/10","1960","10","3.4"
"1960/11","1960","11","13.2"
"1960/12","1960","12","9"
"1961/01","1961","01","7.1"
"1961/02","1961","02","20.7"
"1961/03","1961","03","4"
"1961/04","1961","04","7.3"
"1961/05","1961","05","6.4"
"1961/06","1961","06","7.8"
"1961/07","1961","07","6.1"
"1961/08","1961","08","5.6"
"1961/09","1961","09","3.6"
"1961/10","1961","10","15.6"
"1961/11","1961","11","20.2"
"1961/12","1961","12","5.9"
"1962/01","1962","01","2.2"
"1962/02","1962","02","4.3"
"1962/03","1962","03","9.5"
"1962/04","1962","04","2.8"
"1962/05","1962","05","5.3"
"1962/06","1962","06","0.7"
"1962/07","1962","07","4.6"
"1962/08","1962","08","3.7"
"1962/09","1962","09","3.9"
"1962/10","1962","10","1.3"
"1962/11","1962","11","4.6"
"1962/12","1962","12","5.6"
"1963/01","1963","01","10.8"
"1963/02","1963","02","3.8"
"1963/03","1963","03","9.4"
"1963/04","1963","04","17.9"
"1963/05","1963","05","21"
"1963/06","1963","06","8.1"
"1963/07","1963","07","8.8"
"1963/08","1963","08","3.6"
"1963/09","1963","09","6.9"
"1963/10","1963","10","10.7"
"1963/11","1963","11","6.4"
"1963/12","1963","12","3.8"
"1964/01","1964","01","9.1"
"1964/02","1964","02","10.8"
"1964/03","1964","03","10.3"
"1964/04","1964","04","8.6"
"1964/05","1964","05","7.5"
"1964/06","1964","06","2.4"
"1964/07","1964","07","7.7"
"1964/08","1964","08","4.2"
"1964/09","1964","09","7"
"1964/10","1964","10","7.9"
"1964/11","1964","11","32.2"
"1964/12","1964","12","9.6"
"1965/01","1965","01","9.4"
"1965/02","1965","02","10"
"1965/03","1965","03","9.5"
"1965/04","1965","04","15.7"
"1965/05","1965","05","11"
"1965/06","1965","06","4.8"
"1965/07","1965","07","9.8"
"1965/08","1965","08","6.8"
"1965/09","1965","09","2.9"
"1965/10","1965","10","6.1"
"1965/11","1965","11","20.3"
"1965/12","1965","12","15.1"
"1966/01","1966","01","9.8"
"1966/02","1966","02","9.3"
"1966/03","1966","03","3.2"
"1966/04","1966","04","4.1"
"1966/05","1966","05","2.6"
"1966/06","1966","06","2.6"
"1966/07","1966","07","4.9"
"1966/08","1966","08","6.7"
"1966/09","1966","09","5.1"
"1966/10","1966","10","12.8"
"1966/11","1966","11","6.8"
"1966/12","1966","12","11.4"
"1967/01","1967","01","13.9"
"1967/02","1967","02","6.6"
"1967/03","1967","03","16.2"
"1967/04","1967","04","13.3"
"1967/05","1967","05","5.8"
"1967/06","1967","06","6.1"
"1967/07","1967","07","8.1"
"1967/08","1967","08","14.5"
"1967/09","1967","09","2.8"
"1967/10","1967","10","4.2"
"1967/11","1967","11","22.8"
"1967/12","1967","12","12.1"
"1968/01","1968","01","7.9"
"1968/02","1968","02","9.4"
"1968/03","1968","03","14.1"
"1968/04","1968","04","22.1"
"1968/05","1968","05","4.1"
"1968/06","1968","06","3.2"
"1968/07","1968","07","3.9"
"1968/08","1968","08","3.4"
"1968/09","1968","09","7.4"
"1968/10","1968","10","6.7"
"1968/11","1968","11","19.1"
"1968/12","1968","12","21.2"
"1969/01","1969","01","25.4"
"1969/02","1969","02","23.6"
"1969/03","1969","03","19.9"
"1969/04","1969","04","15.6"
"1969/05","1969","05","5.7"
"1969/06","1969","06","2.5"
"1969/07","1969","07","14.3"
"1969/08","1969","08","11.4"
"1969/09","1969","09","5.8"
"1969/10","1969","10","2.9"
"1969/11","1969","11","5.7"
"1969/12","1969","12","25.3"
"1970/01","1970","01","11.3"
"1970/02","1970","02","5.2"
"1970/03","1970","03","3.6"
"1970/04","1970","04","23.2"
"1970/05","1970","05","9.3"
"1970/06","1970","06","2.3"
"1970/07","1970","07","7.2"
"1970/08","1970","08","6.6"
"1970/09","1970","09","4.6"
"1970/10","1970","10","7.1"
"1970/11","1970","11","15.1"
"1970/12","1970","12","31.6"
"1971/01","1971","01","28"
"1971/02","1971","02","5.6"
"1971/03","1971","03","10.9"
"1971/04","1971","04","17.8"
"1971/05","1971","05","3.5"
"1971/06","1971","06","0.3"
"1971/07","1971","07","2.7"
"1971/08","1971","08","2.1"
"1971/09","1971","09","5"
"1971/10","1971","10","3.3"
"1971/11","1971","11","7.1"
"1971/12","1971","12","6.3"
"1972/01","1972","01","3.5"
"1972/02","1972","02","11.6"
"1972/03","1972","03","2.7"
"1972/04","1972","04","14.4"
"1972/05","1972","05","2.1"
"1972/06","1972","06","3.1"
"1972/07","1972","07","3.4"
"1972/08","1972","08","7.8"
"1972/09","1972","09","3.3"
"1972/10","1972","10","6.6"
"1972/11","1972","11","7.2"
"1972/12","1972","12","5.8"
"1973/01","1973","01","4.8"
"1973/02","1973","02","9.3"
"1973/03","1973","03","14.3"
"1973/04","1973","04","4.5"
"1973/05","1973","05","8.5"
"1973/06","1973","06","1.7"
"1973/07","1973","07","2.1"
"1973/08","1973","08","1.3"
"1973/09","1973","09","3.6"
"1973/10","1973","10","4"
"1973/11","1973","11","26.9"
"1973/12","1973","12","6.4"
"1974/01","1974","01","12.8"
"1974/02","1974","02","3"
"1974/03","1974","03","6.6"
"1974/04","1974","04","15.6"
"1974/05","1974","05","5.7"
"1974/06","1974","06","3.8"
"1974/07","1974","07","4.6"
"1974/08","1974","08","2.8"
"1974/09","1974","09","3.4"
"1974/10","1974","10","8"
"1974/11","1974","11","11.9"
"1974/12","1974","12","9.5"
"1975/01","1975","01","12.9"
"1975/02","1975","02","10.1"
"1975/03","1975","03","8.1"
"1975/04","1975","04","5.5"
"1975/05","1975","05","2.3"
"1975/06","1975","06","2.3"
"1975/07","1975","07","3.8"
"1975/08","1975","08","8.2"
"1975/09","1975","09","3.3"
"1975/10","1975","10","5.8"
"1975/11","1975","11","10.5"
"1975/12","1975","12","4.7"
"1976/01","1976","01","13"
"1976/02","1976","02","14.8"
"1976/03","1976","03","14.9"
"1976/04","1976","04","9.9"
"1976/05","1976","05","3.2"
"1976/06","1976","06","2"
"1976/07","1976","07","3.6"
"1976/08","1976","08","3.1"
"1976/09","1976","09","3.5"
"1976/10","1976","10","4.7"
"1976/11","1976","11","6.3"
"1976/12","1976","12","1.4"
"1977/01","1977","01","0.9"
"1977/02","1977","02","5.8"
"1977/03","1977","03","17"
"1977/04","1977","04","20.7"
"1977/05","1977","05","3.5"
"1977/06","1977","06","2"
"1977/07","1977","07","5.7"
"1977/08","1977","08","12.4"
"1977/09","1977","09","2.5"
"1977/10","1977","10","6.2"
"1977/11","1977","11","4.5"
"1977/12","1977","12","6.7"
"1978/01","1978","01","3.9"
"1978/02","1978","02","1.1"
"1978/03","1978","03","10.9"
"1978/04","1978","04","6"
"1978/05","1978","05","8.1"
"1978/06","1978","06","8.5"
"1978/07","1978","07","11.1"
"1978/08","1978","08","10.5"
"1978/09","1978","09","4.7"
"1978/10","1978","10","10.3"
"1978/11","1978","11","10"
"1978/12","1978","12","15.7"
"1979/01","1979","01","41.9"
"1979/02","1979","02","18.7"
"1979/03","1979","03","5.3"
"1979/04","1979","04","7.7"
"1979/05","1979","05","4.1"
"1979/06","1979","06","4.6"
"1979/07","1979","07","5.2"
"1979/08","1979","08","3.1"
"1979/09","1979","09","4.4"
"1979/10","1979","10","3.9"
"1979/11","1979","11","22.1"
"1979/12","1979","12","6.8"
"1980/01","1980","01","19.7"
"1980/02","1980","02","6.9"
"1980/03","1980","03","38.9"
"1980/04","1980","04","24.6"
"1980/05","1980","05","7.2"
"1980/06","1980","06","5.6"
"1980/07","1980","07","18.2"
"1980/08","1980","08","8.6"
"1980/09","1980","09","6.8"
"1980/10","1980","10","6.2"
"1980/11","1980","11","2.6"
"1980/12","1980","12","2.9"
"1981/01","1981","01","2"
"1981/02","1981","02","11.9"
"1981/03","1981","03","4.4"
"1981/04","1981","04","8.2"
"1981/05","1981","05","3.6"
"1981/06","1981","06","1.1"
"1981/07","1981","07","4.7"
"1981/08","1981","08","11.8"
"1981/09","1981","09","5.1"
"1981/10","1981","10","6.2"
"1981/11","1981","11","18.9"
"1981/12","1981","12","11.9"
"1982/01","1982","01","32.4"
"1982/02","1982","02","15.6"
"1982/03","1982","03","27.6"
"1982/04","1982","04","21.8"
"1982/05","1982","05","3.8"
"1982/06","1982","06","8"
"1982/07","1982","07","13.9"
"1982/08","1982","08","14.9"
"1982/09","1982","09","6.3"
"1982/10","1982","10","8.6"
"1982/11","1982","11","12"
"1982/12","1982","12","15.5"
"1983/01","1983","01","1.9"
"1983/02","1983","02","1.2"
"1983/03","1983","03","2.1"
"1983/04","1983","04","7.9"
"1983/05","1983","05","5.8"
"1983/06","1983","06","3.3"
"1983/07","1983","07","4.6"
"1983/08","1983","08","5.8"
"1983/09","1983","09","9.2"
"1983/10","1983","10","9.9"
"1983/11","1983","11","2.2"
"1983/12","1983","12","7.3"
"1984/01","1984","01","9.4"
"1984/02","1984","02","7.4"
"1984/03","1984","03","3.9"
"1984/04","1984","04","9.2"
"1984/05","1984","05","4.5"
"1984/06","1984","06","1.5"
"1984/07","1984","07","3.4"
"1984/08","1984","08","3.3"
"1984/09","1984","09","1.8"
"1984/10","1984","10","0.6"
"1984/11","1984","11","6.5"
"1984/12","1984","12","8.2"
"1985/01","1985","01","4.4"
"1985/02","1985","02","11.2"
"1985/03","1985","03","36.2"
"1985/04","1985","04","7.2"
"1985/05","1985","05","12.2"
"1985/06","1985","06","2.6"
"1985/07","1985","07","10.5"
"1985/08","1985","08","7.2"
"1985/09","1985","09","4.7"
"1985/10","1985","10","9.8"
"1985/11","1985","11","6.3"
"1985/12","1985","12","8.5"
"1986/01","1986","01","5"
"1986/02","1986","02","4.4"
"1986/03","1986","03","18.9"
"1986/04","1986","04","38.6"
"1986/05","1986","05","7.3"
"1986/06","1986","06","7.4"
"1986/07","1986","07","9.6"
"1986/08","1986","08","6.7"
"1986/09","1986","09","4"
"1986/10","1986","10","10"
"1986/11","1986","11","11.3"
"1986/12","1986","12","11.6"
"1987/01","1987","01","11.9"
"1987/02","1987","02","11.8"
"1987/03","1987","03","3.9"
"1987/04","1987","04","10"
"1987/05","1987","05","15.3"
"1987/06","1987","06","6.8"
"1987/07","1987","07","7.1"
"1987/08","1987","08","4.7"
"1987/09","1987","09","9.5"
"1987/10","1987","10","3"
"1987/11","1987","11","18"
"1987/12","1987","12","17.4"
"1988/01","1988","01","16.2"
"1988/02","1988","02","7.2"
"1988/03","1988","03","6.5"
"1988/04","1988","04","12.5"
"1988/05","1988","05","6.7"
"1988/06","1988","06","1.9"
"1988/07","1988","07","5.3"
"1988/08","1988","08","6.8"
"1988/09","1988","09","7"
"1988/10","1988","10","6.3"
"1988/11","1988","11","17.2"
"1988/12","1988","12","21.3"
"1989/01","1989","01","16"
"1989/02","1989","02","12.4"
"1989/03","1989","03","15.4"
"1989/04","1989","04","35.2"
"1989/05","1989","05","7.2"
"1989/06","1989","06","5.7"
"1989/07","1989","07","20.6"
"1989/08","1989","08","8"
"1989/09","1989","09","5.7"
"1989/10","1989","10","6.1"
"1989/11","1989","11","3.7"
"1989/12","1989","12","6.4"
"1990/01","1990","01","24.4"
"1990/02","1990","02","14.2"
"1990/03","1990","03","9.5"
"1990/04","1990","04","2"
"1990/05","1990","05","4.8"
"1990/06","1990","06","13.4"
"1990/07","1990","07","11.8"
"1990/08","1990","08","5.6"
"1990/09","1990","09","12.4"
"1990/10","1990","10","8.9"
"1990/11","1990","11","37.7"
"1990/12","1990","12","18.3"
"1991/01","1991","01","6.8"
"1991/02","1991","02","10.1"
"1991/03","1991","03","43.9"
"1991/04","1991","04","3.5"
"1991/05","1991","05","3.3"
"1991/06","1991","06","5.2"
"1991/07","1991","07","6.1"
"1991/08","1991","08","21.7"
"1991/09","1991","09","9.6"
"1991/10","1991","10","2.7"
"1991/11","1991","11","1.5"
"1991/12","1991","12","6.1"
"1992/01","1992","01","8.3"
"1992/02","1992","02","2.2"
"1992/03","1992","03","1.9"
"1992/04","1992","04","1.5"
"1992/05","1992","05","7.2"
"1992/06","1992","06","3.6"
"1992/07","1992","07","12.4"
"1992/08","1992","08","3.6"
"1992/09","1992","09","18.3"
"1992/10","1992","10","3.9"
"1992/11","1992","11","13.5"
"1992/12","1992","12","11.9"
"1993/01","1993","01","8.8"
"1993/02","1993","02","1.8"
"1993/03","1993","03","10.9"
"1993/04","1993","04","6.6"
"1993/05","1993","05","5.4"
"1993/06","1993","06","1.4"
"1993/07","1993","07","24.3"
"1993/08","1993","08","14.8"
"1993/09","1993","09","2.9"
"1993/10","1993","10","16.3"
"1993/11","1993","11","6.8"
"1993/12","1993","12","10.5"
"1994/01","1994","01","6.2"
"1994/02","1994","02","9.3"
"1994/03","1994","03","25.4"
"1994/04","1994","04","7.1"
"1994/05","1994","05","2.5"
"1994/06","1994","06","5.6"
"1994/07","1994","07","5.8"
"1994/08","1994","08","7.2"
"1994/09","1994","09","7"
"1994/10","1994","10","3.3"
"1994/11","1994","11","11.6"
"1994/12","1994","12","9.2"
"1995/01","1995","01","3.7"
"1995/02","1995","02","3.4"
"1995/03","1995","03","7"
"1995/04","1995","04","5.4"
"1995/05","1995","05","3.7"
"1995/06","1995","06","2.6"
"1995/07","1995","07","6.6"
"1995/08","1995","08","6.6"
"1995/09","1995","09","3.7"
"1995/10","1995","10","8.2"
"1995/11","1995","11","2.8"
"1995/12","1995","12","4.7"
"1996/01","1996","01","8.6"
"1996/02","1996","02","6.7"
"1996/03","1996","03","18.8"
"1996/04","1996","04","5.1"
"1996/05","1996","05","3.7"
"1996/06","1996","06","7.3"
"1996/07","1996","07","8.7"
"1996/08","1996","08","2.8"
"1996/09","1996","09","6.9"
"1996/10","1996","10","1.8"
"1996/11","1996","11","17.4"
"1996/12","1996","12","23"
"1997/01","1997","01","14.1"
"1997/02","1997","02","11.4"
"1997/03","1997","03","21"
"1997/04","1997","04","6.8"
"1997/05","1997","05","5.7"
"1997/06","1997","06","18.2"
"1997/07","1997","07","9.5"
"1997/08","1997","08","1.9"
"1997/09","1997","09","7.4"
"1997/10","1997","10","4.6"
"1997/11","1997","11","12.9"
"1997/12","1997","12","9.2"
"1998/01","1998","01","4.9"
"1998/02","1998","02","3"
"1998/03","1998","03","4.2"
"1998/04","1998","04","19.9"
"1998/05","1998","05","4.6"
"1998/06","1998","06","3.6"
"1998/07","1998","07","1.4"
"1998/08","1998","08","3.2"
"1998/09","1998","09","4.3"
"1998/10","1998","10","2.5"
"1998/11","1998","11","14.3"
"1998/12","1998","12","4.9"
"1999/01","1999","01","11.6"
"1999/02","1999","02","14.1"
"1999/03","1999","03","19.1"
"1999/04","1999","04","7.4"
"1999/05","1999","05","2.4"
"1999/06","1999","06","0.5"
"1999/07","1999","07","0.9"
"1999/08","1999","08","3.2"
"1999/09","1999","09","2.2"
"1999/10","1999","10","4"
"1999/11","1999","11","4.2"
"1999/12","1999","12","14.4"
"2000/01","2000","01","9.4"
"2000/02","2000","02","0.2"
"2000/03","2000","03","8"
"2000/04","2000","04","13.1"
"2000/05","2000","05","0.7"
"2000/06","2000","06","6.5"
"2000/07","2000","07","4.5"
"2000/08","2000","08","7.4"
"2000/09","2000","09","7.9"
"2000/10","2000","10","5.9"
"2000/11","2000","11","16.7"
"2000/12","2000","12","0.9"
"2001/01","2001","01","0.9"
"2001/02","2001","02","11.1"
"2001/03","2001","03","2"
"2001/04","2001","04","1.6"
"2001/05","2001","05","2.8"
"2001/06","2001","06","5.3"
"2001/07","2001","07","2.9"
"2001/08","2001","08","2.7"
"2001/09","2001","09","2.6"
"2001/10","2001","10","10.5"
"2001/11","2001","11","18.4"
"2001/12","2001","12","16.2"
"2002/01","2002","01","22.2"
"2002/02","2002","02","8.7"
"2002/03","2002","03","9.2"
"2002/04","2002","04","2.7"
"2002/05","2002","05","5.4"
"2002/06","2002","06","2.2"
"2002/07","2002","07","3.3"
"2002/08","2002","08","5.5"
"2002/09","2002","09","1.8"
"2002/10","2002","10","11.1"
"2002/11","2002","11","1.5"
"2002/12","2002","12","4.4"
"2003/01","2003","01","6"
"2003/02","2003","02","8.2"
"2003/03","2003","03","4.5"
"2003/04","2003","04","4.9"
"2003/05","2003","05","0.5"
"2003/06","2003","06","3.3"
"2003/07","2003","07","6.3"
"2003/08","2003","08","3.6"
"2003/09","2003","09","6.8"
"2003/10","2003","10","4.8"
"2003/11","2003","11","7.9"
"2003/12","2003","12","9.1"
"2004/01","2004","01","8.5"
"2004/02","2004","02","10.2"
"2004/03","2004","03","23.2"
"2004/04","2004","04","17.1"
"2004/05","2004","05","16.5"
"2004/06","2004","06","2.6"
"2004/07","2004","07","2.8"
"2004/08","2004","08","17.8"
"2004/09","2004","09","4.9"
"2004/10","2004","10","5.4"
"2004/11","2004","11","11"
"2004/12","2004","12","4.7"
"2005/01","2005","01","5.9"
"2005/02","2005","02","6.2"
"2005/03","2005","03","18.8"
"2005/04","2005","04","7.1"
"2005/05","2005","05","2.5"
"2005/06","2005","06","6.7"
"2005/07","2005","07","6.1"
"2005/08","2005","08","3.7"
"2005/09","2005","09","16.2"
"2005/10","2005","10","14.2"
"2005/11","2005","11","6.8"
"2005/12","2005","12","1.1"
"2006/01","2006","01","7.7"
"2006/02","2006","02","8"
"2006/03","2006","03","30.7"
"2006/04","2006","04","5.1"
"2006/05","2006","05","10.9"
"2006/06","2006","06","0.9"
"2006/07","2006","07","3.2"
"2006/08","2006","08","2.1"
"2006/09","2006","09","3.6"
"2006/10","2006","10","6.9"
"2006/11","2006","11","4.5"
"2006/12","2006","12","6.2"
"2007/01","2007","01","2.8"
"2007/02","2007","02","6.4"
"2007/03","2007","03","4.3"
"2007/04","2007","04","5.6"
"2007/05","2007","05","1.1"
"2007/06","2007","06","1.7"
"2007/07","2007","07","4.9"
"2007/08","2007","08","6.4"
"2007/09","2007","09","3.3"
"2007/10","2007","10","6"
"2007/11","2007","11","8.7"
"2007/12","2007","12","32.9"
"2008/01","2008","01","13"
"2008/02","2008","02","8.2"
"2008/03","2008","03","2"
"2008/04","2008","04","2.4"
"2008/05","2008","05","2.4"
"2008/06","2008","06","2.8"
"2008/07","2008","07","8.4"
"2008/08","2008","08","7.2"
"2008/09","2008","09","2"
"2008/10","2008","10","1.8"
"2008/11","2008","11","6.5"
"2008/12","2008","12","16.3"
"2009/01","2009","01","6.5"
"2009/02","2009","02","5.7"
"2009/03","2009","03","8.7"
"2009/04","2009","04","6.4"
"2009/05","2009","05","1.4"
"2009/06","2009","06","3.1"
"2009/07","2009","07","4.5"
"2009/08","2009","08","6.8"
"2009/09","2009","09","2"
"2009/10","2009","10","3"
"2009/11","2009","11","16.8"
"2009/12","2009","12","1.8"
"2010/01","2010","01","2.4"
"2010/02","2010","02","2.2"
"2010/03","2010","03","9.8"
"2010/04","2010","04","4.8"
"2010/05","2010","05","1.9"
"2010/06","2010","06","1.1"
"2010/07","2010","07","2.3"
"2010/08","2010","08","1.6"
"2010/09","2010","09","2"
"2010/10","2010","10","14"
"2010/11","2010","11","13.5"
"2010/12","2010","12","7.1"
"2011/01","2011","01","10.9"
"2011/02","2011","02","3.6"
"2011/03","2011","03","7.4"
"2011/04","2011","04","5.1"
"2011/05","2011","05","11.2"
"2011/06","2011","06","3"
"2011/07","2011","07","3.2"
"2011/08","2011","08","4"
"2011/09","2011","09","1.7"
"2011/10","2011","10","2.8"
"2011/11","2011","11","8.2"
"2011/12","2011","12","17.2"
"2012/01","2012","01","0.6"
"2012/02","2012","02","5.9"
"2012/03","2012","03","14.2"
"2012/04","2012","04","3.8"
"2012/05","2012","05","3.8"
"2012/06","2012","06","6.3"
"2012/07","2012","07","2.8"
"2012/08","2012","08","2.6"
"2012/09","2012","09","3.9"
"2012/10","2012","10","0.3"
"2012/11","2012","11","3"
"2012/12","2012","12","7.2"
"2013/01","2013","01","11.4"
"2013/02","2013","02","18.5"
"2013/03","2013","03","5.4"
"2013/04","2013","04","0.2"
"2013/05","2013","05","8.8"
"2013/06","2013","06","2.1"
"2013/07","2013","07","3.2"
"2013/08","2013","08","5.3"
"2013/09","2013","09","3.8"
"2013/10","2013","10","1.7"
"2013/11","2013","11","7.3"
"2013/12","2013","12","4.9"
"2014/01","2014","01","9"
"2014/02","2014","02","5"
"2014/03","2014","03","35"
"2014/04","2014","04","17.1"
"2014/05","2014","05","8.2"
"2014/06","2014","06","3.2"
"2014/07","2014","07","6"
"2014/08","2014","08","13.2"
"2014/09","2014","09","3.3"
"2014/10","2014","10","9.9"
"2014/11","2014","11","3.5"
"2014/12","2014","12","11.2"
"2015/01","2015","01","7.9"
"2015/02","2015","02","4.1"
"2015/03","2015","03","12.4"
"2015/04","2015","04","16.5"
"2015/05","2015","05","7.6"
"2015/06","2015","06","4.7"
"2015/07","2015","07","8.4"
"2015/08","2015","08","24.6"
"2015/09","2015","09","10.9"
"2015/10","2015","10","9.6"
"2015/11","2015","11","18"
"2015/12","2015","12","9.7"
"2016/01","2016","01","1.1"
"2016/02","2016","02","4.2"
"2016/03","2016","03","4.9"
"2016/04","2016","04","11.3"
"2016/05","2016","05","14.9"
"2016/06","2016","06","7.2"
"2016/07","2016","07","17.3"
"2016/08","2016","08","13.4"
"2016/09","2016","09","12.8"
"2016/10","2016","10","12.4"
"2016/11","2016","11","10.2"
"2016/12","2016","12","15.5"
"2017/01","2017","01","7.4"
"2017/02","2017","02","5.9"
"2017/03","2017","03","8.1"
"2017/04","2017","04","16.6"
"2017/05","2017","05","5.9"
"2017/06","2017","06","5.4"
"2017/07","2017","07","6.1"
"2017/08","2017","08","5"
"2017/09","2017","09","3.3"
"2017/10","2017","10","16.1"
"2017/11","2017","11","15.5"
"2017/12","2017","12","10.3"
"2018/01","2018","01","1.8"
"2018/02","2018","02","14"
"2018/03","2018","03","5.7"
"2018/04","2018","04","20.5"
"2018/05","2018","05","5.1"
"2018/06","2018","06","2.2"
"2018/07","2018","07","5.8"
"2018/08","2018","08","29.9"
"2018/09","2018","09","15.6"
"2018/10","2018","10","11.5"
"2018/11","2018","11","4.7"
"2018/12","2018","12","7.3"
"2019/01","2019","01","5.5"
"2019/02","2019","02","21"
"2019/03","2019","03","3"
"2019/04","2019","04","10.8"
"2019/05","2019","05","6.1"
"2019/06","2019","06","2.8"
"2019/07","2019","07","4.3"
"2019/08","2019","08","8.9"
"2019/09","2019","09","5"
"2019/10","2019","10","4.8"
"2019/11","2019","11","5.1"
"2019/12","2019","12","8.5"
