,Unnamed: 0,Year,Month,RF_mm,RF_in,datetime
0,0,1920.0,January,160.2470863838873,6.308940408814461,1920-01-01
1,1,1920.0,February,23.73162077164509,0.934315778411224,1920-02-01
2,2,1920.0,March,201.380502734664,7.928366249396218,1920-03-01
3,3,1920.0,April,38.32566736435749,1.5088845419038384,1920-04-01
4,4,1920.0,May,59.03139750915166,2.324070768076837,1920-05-01
5,5,1920.0,June,59.74249294664733,2.3520666514428084,1920-06-01
6,6,1920.0,July,67.53523439486351,2.6588674958607683,1920-07-01
7,7,1920.0,August,75.53481055716792,2.97381143925858,1920-08-01
8,8,1920.0,September,40.45629114230004,1.5927673678070882,1920-09-01
9,9,1920.0,October,62.66357105864576,2.467069726718337,1920-10-01
10,10,1920.0,November,124.43909779384995,4.89917707849803,1920-11-01
11,11,1920.0,December,394.3324438693255,15.524899364934075,1920-12-01
12,12,1921.0,January,446.411746233878,17.57526559975898,1921-01-01
13,13,1921.0,February,52.11532525056918,2.051784458683826,1921-02-01
14,14,1921.0,March,35.08770619905912,1.3814057558684694,1921-03-01
15,15,1921.0,April,65.56929988973945,2.581468499596041,1921-04-01
16,16,1921.0,May,48.46093181181236,1.9079107012524552,1921-05-01
17,17,1921.0,June,36.666419463750174,1.4435598214074872,1921-06-01
18,18,1921.0,July,91.58055618105556,3.605533707915573,1921-07-01
19,19,1921.0,August,43.02627014972754,1.693947643690061,1921-08-01
20,20,1921.0,September,58.38045154097517,2.298442974054141,1921-09-01
21,21,1921.0,October,128.8978219116933,5.074717398098162,1921-10-01
22,22,1921.0,November,59.331732902301134,2.335894996153588,1921-11-01
23,23,1921.0,December,254.0158133422129,10.00062257252807,1921-12-01
24,24,1922.0,January,189.0318938486675,7.44220054522313,1922-01-01
25,25,1922.0,February,60.83389286740997,2.395035152260235,1922-02-01
26,26,1922.0,March,176.84484353150137,6.962395414626038,1922-03-01
27,27,1922.0,April,48.45413844543096,1.9076432458831087,1922-04-01
28,28,1922.0,May,47.80708115481766,1.8821685494022704,1922-05-01
29,29,1922.0,June,41.16644691151275,1.62072625635877,1922-06-01
30,30,1922.0,July,24.545818368358724,0.9663708019038868,1922-07-01
31,31,1922.0,August,61.34815444043402,2.415281670883229,1922-08-01
32,32,1922.0,September,124.41752191125994,4.898327634301572,1922-09-01
33,33,1922.0,October,114.8864498702732,4.523088577569812,1922-10-01
34,34,1922.0,November,102.14127112845698,4.021309886947125,1922-11-01
35,35,1922.0,December,28.145654305903868,1.1080966262166878,1922-12-01
36,36,1923.0,January,469.67454375317817,18.49112376981017,1923-01-01
37,37,1923.0,February,255.1711758946526,10.046109287191047,1923-02-01
38,38,1923.0,March,212.9933169212567,8.385563658317194,1923-03-01
39,39,1923.0,April,252.57079545421712,9.943732104496736,1923-04-01
40,40,1923.0,May,34.18939537973799,1.346039188178661,1923-05-01
41,41,1923.0,June,36.9036850506032,1.4529009862442206,1923-06-01
42,42,1923.0,July,61.94642777979021,2.4388357393618194,1923-07-01
43,43,1923.0,August,42.43935067554903,1.670840577777521,1923-08-01
44,44,1923.0,September,77.52015550602117,3.051974626221306,1923-09-01
45,45,1923.0,October,74.98755237195618,2.952265841415598,1923-10-01
46,46,1923.0,November,35.715997583061984,1.4061416371284243,1923-11-01
47,47,1923.0,December,327.7060274203148,12.901812103162,1923-12-01
48,48,1924.0,January,24.923664538818,0.9812466353865354,1924-01-01
49,49,1924.0,February,45.63551427626751,1.7966737904042327,1924-02-01
50,50,1924.0,March,84.2302839290461,3.316152910592366,1924-03-01
51,51,1924.0,April,414.166788315632,16.305779067544567,1924-04-01
52,52,1924.0,May,68.14413248998879,2.6828398618105824,1924-05-01
53,53,1924.0,June,45.52095295832707,1.7921635022963416,1924-06-01
54,54,1924.0,July,142.24987698165623,5.600388857545521,1924-07-01
55,55,1924.0,August,58.80310349774784,2.315082814871962,1924-08-01
56,56,1924.0,September,45.822081221631294,1.804018945733516,1924-09-01
57,57,1924.0,October,86.14844287217721,3.391670979219576,1924-10-01
58,58,1924.0,November,53.20885732752332,2.0948369026583986,1924-11-01
59,59,1924.0,December,162.88071933723765,6.412626745560538,1924-12-01
60,60,1925.0,January,93.20911411985138,3.669650162198873,1925-01-01
61,61,1925.0,February,32.014152205202,1.2603996931181891,1925-02-01
62,62,1925.0,March,183.84591692862423,7.238028225536389,1925-03-01
63,63,1925.0,April,130.6011226586336,5.141776482623371,1925-04-01
64,64,1925.0,May,52.41253777227458,2.0634857390659285,1925-05-01
65,65,1925.0,June,61.32154349603597,2.414233995906928,1925-06-01
66,66,1925.0,July,85.34970880542281,3.3602247561190084,1925-07-01
67,67,1925.0,August,46.03992845885147,1.8125956086162,1925-08-01
68,68,1925.0,September,43.42693335629074,1.7097217856807378,1925-09-01
69,69,1925.0,October,86.41332188442614,3.402099286788431,1925-10-01
70,70,1925.0,November,92.85749862038878,3.655807032298771,1925-11-01
71,71,1925.0,December,105.94757179395688,4.17116424385657,1925-12-01
72,72,1926.0,January,42.58265207505085,1.6764823651594825,1926-01-01
73,73,1926.0,February,33.07822771467401,1.3022924297115752,1926-02-01
74,74,1926.0,March,51.591517612073545,2.031162110711557,1926-03-01
75,75,1926.0,April,38.51505760328304,1.5163408505229543,1926-04-01
76,76,1926.0,May,14.024836418896736,0.5521589141297928,1926-05-01
77,77,1926.0,June,176.6346921751485,6.954121739179075,1926-06-01
78,78,1926.0,July,42.51989186303855,1.6740114906708092,1926-07-01
79,79,1926.0,August,144.84920777089496,5.702724715389566,1926-08-01
80,80,1926.0,September,64.06177024164144,2.522116938647301,1926-09-01
81,81,1926.0,October,93.5654098239876,3.6836775521254967,1926-10-01
82,82,1926.0,November,23.609259656195103,0.9294984116612246,1926-11-01
83,83,1926.0,December,96.79053343823676,3.8106509227652254,1926-12-01
84,84,1927.0,January,155.99007560233392,6.141341559147005,1927-01-01
85,85,1927.0,February,112.6232866366234,4.433987662859189,1927-02-01
86,86,1927.0,March,272.43286340476493,10.725703283652162,1927-03-01
87,87,1927.0,April,114.19475799199392,4.495856613858029,1927-04-01
88,88,1927.0,May,213.0587894507414,8.388141316958324,1927-05-01
89,89,1927.0,June,67.13275407192975,2.643021813855502,1927-06-01
90,90,1927.0,July,158.21154058332274,6.228800810367037,1927-07-01
91,91,1927.0,August,72.02442798953085,2.835607401162632,1927-08-01
92,92,1927.0,September,77.22149425709742,3.040216309334544,1927-09-01
93,93,1927.0,October,36.51269243454792,1.437507576163304,1927-10-01
94,94,1927.0,November,214.8744462594478,8.459623868482197,1927-11-01
95,95,1927.0,December,539.2195185373521,21.22911490304536,1927-12-01
96,96,1928.0,January,99.8914975724982,3.932736124901505,1928-01-01
97,97,1928.0,February,40.47708559882712,1.593586047197918,1928-02-01
98,98,1928.0,March,65.79972304394964,2.5905402773208523,1928-03-01
99,99,1928.0,April,178.44926258516028,7.025561519100799,1928-04-01
100,100,1928.0,May,53.11955564826198,2.0913210885142512,1928-05-01
101,101,1928.0,June,71.18422954040166,2.802528722063057,1928-06-01
102,102,1928.0,July,143.82055298393294,5.662226495430431,1928-07-01
103,103,1928.0,August,62.53225404412083,2.461899765516568,1928-08-01
104,104,1928.0,September,46.98077550583337,1.849636830938321,1928-09-01
105,105,1928.0,October,52.88509258292836,2.082090259170408,1928-10-01
106,106,1928.0,November,175.43121328861756,6.906740680654235,1928-11-01
107,107,1928.0,December,97.12454954971224,3.8238011633744975,1928-12-01
108,108,1929.0,January,106.47912502853124,4.192091536556348,1929-01-01
109,109,1929.0,February,172.3039793657833,6.78362123487336,1929-02-01
110,110,1929.0,March,49.55290319228313,1.950901700483588,1929-03-01
111,111,1929.0,April,123.49973504783134,4.862194293221706,1929-04-01
112,112,1929.0,May,58.1965674451117,2.291203442720933,1929-05-01
113,113,1929.0,June,39.2371774425168,1.5447707654534175,1929-06-01
114,114,1929.0,July,51.83727416766466,2.040837565656089,1929-07-01
115,115,1929.0,August,107.32039822911368,4.225212528705264,1929-08-01
116,116,1929.0,September,60.18787758731278,2.369601479815464,1929-09-01
117,117,1929.0,October,105.27727950959516,4.14477478384233,1929-10-01
118,118,1929.0,November,192.9719045063448,7.597319075052944,1929-11-01
119,119,1929.0,December,323.7356423823791,12.74549773158973,1929-12-01
120,120,1930.0,January,202.99092002733207,7.991768505013078,1930-01-01
121,121,1930.0,February,75.35644964635725,2.966789356155797,1930-02-01
122,122,1930.0,March,181.2748067280245,7.136803414489152,1930-03-01
123,123,1930.0,April,90.42380525938856,3.5599923330467944,1930-04-01
124,124,1930.0,May,54.16831428482688,2.1326107986152314,1930-05-01
125,125,1930.0,June,102.5205838581514,4.036243458982339,1930-06-01
126,126,1930.0,July,59.7879731217785,2.353857209518839,1930-07-01
127,127,1930.0,August,86.21449636425493,3.3942715104037373,1930-08-01
128,128,1930.0,September,230.7106740375948,9.083097403054913,1930-09-01
129,129,1930.0,October,130.75186658328806,5.1477112828066165,1930-10-01
130,130,1930.0,November,245.12717279738928,9.650676094385403,1930-11-01
131,131,1930.0,December,60.75273026235005,2.39183977410827,1930-12-01
132,132,1931.0,January,39.46921148808045,1.5539059640976556,1931-01-01
133,133,1931.0,February,49.99200772392679,1.9681892804695589,1931-02-01
134,134,1931.0,March,46.15291265905256,1.8170438054745104,1931-03-01
135,135,1931.0,April,58.40525377713717,2.2994194400447707,1931-04-01
136,136,1931.0,May,116.50669910498624,4.5868779175191445,1931-05-01
137,137,1931.0,June,35.70974116353594,1.4058953213990528,1931-06-01
138,138,1931.0,July,81.13346935023922,3.194231076781072,1931-07-01
139,139,1931.0,August,155.78081349931526,6.133102893673829,1931-08-01
140,140,1931.0,September,171.63996598283214,6.757478975702053,1931-09-01
141,141,1931.0,October,122.56072013900123,4.825225202322884,1931-10-01
142,142,1931.0,November,110.37474642420662,4.34546245764593,1931-11-01
143,143,1931.0,December,80.00947713005472,3.149979414569084,1931-12-01
144,144,1932.0,January,136.58115621713492,5.377210874690351,1932-01-01
145,145,1932.0,February,554.6092484152529,21.83500978012807,1932-02-01
146,146,1932.0,March,122.7483599961862,4.832612598275048,1932-03-01
147,147,1932.0,April,147.44261521559494,5.804827370692714,1932-04-01
148,148,1932.0,May,95.87043875067896,3.774426722467677,1932-05-01
149,149,1932.0,June,99.54315120087573,3.919021700821879,1932-06-01
150,150,1932.0,July,69.0602048840043,2.718905704094658,1932-07-01
151,151,1932.0,August,86.80438234679092,3.417495367983894,1932-08-01
152,152,1932.0,September,70.71854276487814,2.7841945970424464,1932-09-01
153,153,1932.0,October,41.47952952187442,1.6330523433808828,1932-10-01
154,154,1932.0,November,155.1672358315372,6.108946292580205,1932-11-01
155,155,1932.0,December,112.28632208017204,4.420721341739056,1932-12-01
156,156,1933.0,January,148.21357086001063,5.835179955118529,1933-01-01
157,157,1933.0,February,231.12368413259293,9.09935764301547,1933-02-01
158,158,1933.0,March,213.93067065357457,8.42246734856593,1933-03-01
159,159,1933.0,April,51.868021981955984,2.042048109525826,1933-04-01
160,160,1933.0,May,31.824560628134822,1.2529354578005836,1933-05-01
161,161,1933.0,June,78.93916517178688,3.1078411484955466,1933-06-01
162,162,1933.0,July,88.99615774211094,3.5037857378783834,1933-07-01
163,163,1933.0,August,43.13539977891911,1.698244085784217,1933-08-01
164,164,1933.0,September,63.24024478077183,2.48977341656582,1933-09-01
165,165,1933.0,October,15.239430766133868,0.5999775892178688,1933-10-01
166,166,1933.0,November,43.21507267698029,1.701380814054342,1933-11-01
167,167,1933.0,December,161.74796362882535,6.368030064126983,1933-12-01
168,168,1934.0,January,123.15571111193776,4.848650043777077,1934-01-01
169,169,1934.0,February,82.91182306955552,3.2642450027384067,1934-02-01
170,170,1934.0,March,67.98264962822728,2.676482268827846,1934-03-01
171,171,1934.0,April,161.02347885222125,6.3395070414260335,1934-04-01
172,172,1934.0,May,97.87979572905591,3.853535264923461,1934-05-01
173,173,1934.0,June,190.19986119919275,7.488183511779242,1934-06-01
174,174,1934.0,July,63.83176116266194,2.513061463096927,1934-07-01
175,175,1934.0,August,60.60696948350534,2.386101160767927,1934-08-01
176,176,1934.0,September,212.94531633726945,8.383673871546042,1934-09-01
177,177,1934.0,October,81.5157396666397,3.209281089237784,1934-10-01
178,178,1934.0,November,141.6082060322959,5.5751262217439335,1934-11-01
179,179,1934.0,December,162.71375355918028,6.406053289731507,1934-12-01
180,180,1935.0,January,205.2292113896657,8.079890212191566,1935-01-01
181,181,1935.0,February,339.58869744475777,13.36963375766763,1935-02-01
182,182,1935.0,March,132.9571654189973,5.234534071614068,1935-03-01
183,183,1935.0,April,45.14119550039077,1.7772124212752274,1935-04-01
184,184,1935.0,May,43.47215344355656,1.7115021040770302,1935-05-01
185,185,1935.0,June,66.99138198942828,2.637455983835759,1935-06-01
186,186,1935.0,July,100.60417272353314,3.9607942017139033,1935-07-01
187,187,1935.0,August,57.62572607909434,2.268729373192691,1935-08-01
188,188,1935.0,September,134.79694596691243,5.306966376650096,1935-09-01
189,189,1935.0,October,140.79392052825386,5.543067737332829,1935-10-01
190,190,1935.0,November,118.23218969762678,4.6548106180168025,1935-11-01
191,191,1935.0,December,80.75835145577877,3.179462655739321,1935-12-01
192,192,1936.0,January,107.41386372944308,4.228892272812719,1936-01-01
193,193,1936.0,February,67.25410312449438,2.647799335610015,1936-02-01
194,194,1936.0,March,74.00652771447537,2.913642823404542,1936-03-01
195,195,1936.0,April,122.68548940624711,4.830137378198706,1936-04-01
196,196,1936.0,May,99.80076395971535,3.929163935421864,1936-05-01
197,197,1936.0,June,104.33841267422106,4.107811522607129,1936-06-01
198,198,1936.0,July,156.04436517749312,6.143478943995793,1936-07-01
199,199,1936.0,August,192.68960350081767,7.586204862236917,1936-08-01
200,200,1936.0,September,132.1295879296297,5.201952280694083,1936-09-01
201,201,1936.0,October,277.4693566497261,10.923990419280557,1936-10-01
202,202,1936.0,November,75.98622167463134,2.991583530497297,1936-11-01
203,203,1936.0,December,277.5881086721928,10.928665695755624,1936-12-01
204,204,1937.0,January,257.8294374364368,10.150765253403025,1937-01-01
205,205,1937.0,February,193.8761551535341,7.632919494233627,1937-02-01
206,206,1937.0,March,121.56211884628388,4.785910190798577,1937-03-01
207,207,1937.0,April,122.27132018501236,4.813831503346944,1937-04-01
208,208,1937.0,May,147.6093447984323,5.811391527497334,1937-05-01
209,209,1937.0,June,61.23825841824684,2.4109550558364896,1937-06-01
210,210,1937.0,July,142.5239510169396,5.611179173895261,1937-07-01
211,211,1937.0,August,94.49429063966288,3.7202476629788537,1937-08-01
212,212,1937.0,September,86.86021958300348,3.419693684370216,1937-09-01
213,213,1937.0,October,51.96372604370117,2.045815985972488,1937-10-01
214,214,1937.0,November,139.79628455709422,5.503790730594261,1937-11-01
215,215,1937.0,December,217.79390405056745,8.574563151597145,1937-12-01
216,216,1938.0,January,107.54433644311668,4.234028993823491,1938-01-01
217,217,1938.0,February,171.29052662144045,6.743721520529152,1938-02-01
218,218,1938.0,March,218.5739118587336,8.605272120422583,1938-03-01
219,219,1938.0,April,147.72420659714197,5.815913645556771,1938-04-01
220,220,1938.0,May,138.92496786173984,5.469486923690545,1938-05-01
221,221,1938.0,June,108.79180921746428,4.28314209517576,1938-06-01
222,222,1938.0,July,100.19769774668316,3.944791249869416,1938-07-01
223,223,1938.0,August,207.03821613379483,8.151110871409246,1938-08-01
224,224,1938.0,September,36.64583724208132,1.442749497719737,1938-09-01
225,225,1938.0,October,78.41884432459725,3.087356075771545,1938-10-01
226,226,1938.0,November,94.92766424325796,3.737309615876298,1938-11-01
227,227,1938.0,December,136.67863107715132,5.381048467604384,1938-12-01
228,228,1939.0,January,152.76861463919192,6.014512387369761,1939-01-01
229,229,1939.0,February,139.59334902791582,5.495801142831332,1939-02-01
230,230,1939.0,March,206.9977349275668,8.14951712313255,1939-03-01
231,231,1939.0,April,255.48517071424857,10.058471287962542,1939-04-01
232,232,1939.0,May,101.83738839414698,4.009345999769566,1939-05-01
233,233,1939.0,June,89.1793069105882,3.5109963350625275,1939-06-01
234,234,1939.0,July,102.15426498051932,4.0218214559259575,1939-07-01
235,235,1939.0,August,65.42244106495875,2.5756866561007383,1939-08-01
236,236,1939.0,September,146.31766112739518,5.760537839661228,1939-09-01
237,237,1939.0,October,337.40873023038785,13.283808276786925,1939-10-01
238,238,1939.0,November,207.04845180172893,8.15151385046177,1939-11-01
239,239,1939.0,December,51.04841179255197,2.009779991832755,1939-12-01
240,240,1940.0,January,109.47228976819642,4.309932668039229,1940-01-01
241,241,1940.0,February,52.99204724780201,2.086301072748111,1940-02-01
242,242,1940.0,March,67.64806090586285,2.6633094844827894,1940-03-01
243,243,1940.0,April,76.24264697915703,3.001679014927442,1940-04-01
244,244,1940.0,May,136.0098000701363,5.354716538194341,1940-05-01
245,245,1940.0,June,63.98518904285318,2.5191019308209914,1940-06-01
246,246,1940.0,July,62.00349097844412,2.441082321985989,1940-07-01
247,247,1940.0,August,118.67977178449462,4.672431960019473,1940-08-01
248,248,1940.0,September,59.94577506025868,2.3600698842621526,1940-09-01
249,249,1940.0,October,65.42929144864956,2.575956356246046,1940-10-01
250,250,1940.0,November,203.73342146111665,8.021000844925851,1940-11-01
251,251,1940.0,December,34.949932262036924,1.375981585119564,1940-12-01
252,252,1941.0,January,25.220445869942388,0.9929309397615114,1941-01-01
253,253,1941.0,February,30.870421482966496,1.21537092452624,1941-02-01
254,254,1941.0,March,73.41619712784446,2.89040146172616,1941-03-01
255,255,1941.0,April,35.52690473816099,1.398697036935472,1941-04-01
256,256,1941.0,May,57.81493767055534,2.2761786484470607,1941-05-01
257,257,1941.0,June,98.90413133068198,3.893863438215826,1941-06-01
258,258,1941.0,July,52.55362632570888,2.069040406523972,1941-07-01
259,259,1941.0,August,120.37558231692344,4.739196154209584,1941-08-01
260,260,1941.0,September,96.64252611871302,3.8048238629414577,1941-09-01
261,261,1941.0,October,199.76820247130988,7.864889861075192,1941-10-01
262,262,1941.0,November,18.717230249438767,0.7368988287180618,1941-11-01
263,263,1941.0,December,72.2352109830055,2.8439059442128154,1941-12-01
264,264,1942.0,January,15.085002583159495,0.5938977394944684,1942-01-01
265,265,1942.0,February,131.07286270412467,5.16034892535924,1942-02-01
266,266,1942.0,March,150.39075998159555,5.920896062267541,1942-03-01
267,267,1942.0,April,101.7637867899336,4.006448298816284,1942-04-01
268,268,1942.0,May,39.38956850943481,1.550770413757276,1942-05-01
269,269,1942.0,June,104.7649480153823,4.124604252574106,1942-06-01
270,270,1942.0,July,73.07261358633549,2.8768745506431297,1942-07-01
271,271,1942.0,August,93.29623467259154,3.6730801052201394,1942-08-01
272,272,1942.0,September,95.49860587486856,3.7597876328688407,1942-09-01
273,273,1942.0,October,178.4410264957586,7.025237263612543,1942-10-01
274,274,1942.0,November,152.26242774195924,5.994583769368474,1942-11-01
275,275,1942.0,December,309.25603986209666,12.175434640240027,1942-12-01
276,276,1943.0,January,310.175412240113,12.211630403154055,1943-01-01
277,277,1943.0,February,110.3906115469848,4.346087068778929,1943-02-01
278,278,1943.0,March,111.5790631898056,4.392876503535654,1943-03-01
279,279,1943.0,April,68.18401406643659,2.6844100026156137,1943-04-01
280,280,1943.0,May,183.6057178113588,7.228571567376329,1943-05-01
281,281,1943.0,June,47.89127190155391,1.8854831457304688,1943-06-01
282,282,1943.0,July,64.38111751037236,2.5346896657626914,1943-07-01
283,283,1943.0,August,91.06081638674765,3.5850715112892777,1943-08-01
284,284,1943.0,September,44.08987827413886,1.7358219792968057,1943-09-01
285,285,1943.0,October,39.90016009539542,1.5708724447006073,1943-10-01
286,286,1943.0,November,35.331371871677376,1.3909988925857235,1943-11-01
287,287,1943.0,December,124.98329562125122,4.9206021898130405,1943-12-01
288,288,1944.0,January,34.65782047023435,1.3644811208753682,1944-01-01
289,289,1944.0,February,118.34672063342212,4.659319709977249,1944-02-01
290,290,1944.0,March,219.27606544268903,8.632915962310593,1944-03-01
291,291,1944.0,April,70.1447807853744,2.761605542731276,1944-04-01
292,292,1944.0,May,42.74231460390712,1.6827682914924065,1944-05-01
293,293,1944.0,June,73.93825872974283,2.910955068100112,1944-06-01
294,294,1944.0,July,62.17098280099722,2.4476764882282374,1944-07-01
295,295,1944.0,August,59.78961331745577,2.353921784151802,1944-08-01
296,296,1944.0,September,30.21524181027384,1.1895764492233796,1944-09-01
297,297,1944.0,October,65.95514263627092,2.596659158908304,1944-10-01
298,298,1944.0,November,96.77225530500245,3.8099313112205686,1944-11-01
299,299,1944.0,December,139.5271857447878,5.4931962891648745,1944-12-01
300,300,1945.0,January,14.591355233502812,0.5744628044686146,1945-01-01
301,301,1945.0,February,72.75651153022721,2.864429587804221,1945-02-01
302,302,1945.0,March,94.18050802106688,3.707894016577437,1945-03-01
303,303,1945.0,April,255.5045621070636,10.059234728624553,1945-04-01
304,304,1945.0,May,23.63314952511759,0.930438957681795,1945-05-01
305,305,1945.0,June,41.80493473865577,1.6458635723880224,1945-06-01
306,306,1945.0,July,102.19006365713987,4.023230852643303,1945-07-01
307,307,1945.0,August,122.0192588490142,4.803907828701346,1945-08-01
308,308,1945.0,September,100.50820207313672,3.957015829651053,1945-09-01
309,309,1945.0,October,56.68929219669139,2.231861897507536,1945-10-01
310,310,1945.0,November,93.04920666034404,3.663354592926932,1945-11-01
311,311,1945.0,December,81.5298842706624,3.209837963411905,1945-12-01
312,312,1946.0,January,194.31759760929987,7.650299118476373,1946-01-01
313,313,1946.0,February,133.30924418974206,5.248395440541026,1946-02-01
314,314,1946.0,March,153.16210964586608,6.030004316766382,1946-03-01
315,315,1946.0,April,100.72756714228342,3.965652249696198,1946-04-01
316,316,1946.0,May,20.300178516545945,0.7992196266356671,1946-05-01
317,317,1946.0,June,91.50535084651068,3.602572867972861,1946-06-01
318,318,1946.0,July,125.70476270145213,4.949006405568982,1946-07-01
319,319,1946.0,August,42.31714879549467,1.6660294801375857,1946-08-01
320,320,1946.0,September,36.022727385075136,1.4182176135856353,1946-09-01
321,321,1946.0,October,70.49031482222517,2.775209244969495,1946-10-01
322,322,1946.0,November,132.02381594505536,5.197788029332888,1946-11-01
323,323,1946.0,December,248.45851505437545,9.781831301353364,1946-12-01
324,324,1947.0,January,60.40478429850742,2.3781411141144657,1947-01-01
325,325,1947.0,February,16.692620926354763,0.6571898002501876,1947-02-01
326,326,1947.0,March,127.37715139896912,5.014848480274375,1947-03-01
327,327,1947.0,April,68.43635384147689,2.694344639428224,1947-04-01
328,328,1947.0,May,165.3981422108306,6.511737882316166,1947-05-01
329,329,1947.0,June,89.59697284359903,3.5274398757322456,1947-06-01
330,330,1947.0,July,61.16062564962714,2.407898647623116,1947-07-01
331,331,1947.0,August,127.7241677052876,5.028510539578252,1947-08-01
332,332,1947.0,September,105.46807161590756,4.152286284090849,1947-09-01
333,333,1947.0,October,72.90589146360138,2.8703106875433617,1947-10-01
334,334,1947.0,November,156.63754769048748,6.166832586239665,1947-11-01
335,335,1947.0,December,196.4073844774235,7.732574192024548,1947-12-01
336,336,1948.0,January,273.2586842373278,10.758215914855429,1948-01-01
337,337,1948.0,February,125.34809374386036,4.934964320624425,1948-02-01
338,338,1948.0,March,130.70865111943533,5.146009886591942,1948-03-01
339,339,1948.0,April,105.70369433792384,4.161562769209601,1948-04-01
340,340,1948.0,May,82.21363397180681,3.2367572429845204,1948-05-01
341,341,1948.0,June,62.63012976336056,2.465753140289786,1948-06-01
342,342,1948.0,July,85.42881978051902,3.363339361437757,1948-07-01
343,343,1948.0,August,67.03414941821578,2.639139740874637,1948-08-01
344,344,1948.0,September,100.66560386341703,3.963212750528231,1948-09-01
345,345,1948.0,October,131.85415924794574,5.191108631808888,1948-10-01
346,346,1948.0,November,219.53660285543407,8.643173340765122,1948-11-01
347,347,1948.0,December,314.38897569645087,12.377518728206727,1948-12-01
348,348,1949.0,January,401.52749380980725,15.808169047630209,1949-01-01
349,349,1949.0,February,206.757644743609,8.140064753685394,1949-02-01
350,350,1949.0,March,120.4525135649732,4.742224943502881,1949-03-01
351,351,1949.0,April,71.91628612992326,2.8313498476347743,1949-04-01
352,352,1949.0,May,20.103489051909136,0.7914759469255566,1949-05-01
353,353,1949.0,June,56.67768599154681,2.2314049602971187,1949-06-01
354,354,1949.0,July,129.59130511763533,5.102019886521076,1949-07-01
355,355,1949.0,August,69.89618594829852,2.751818344421202,1949-08-01
356,356,1949.0,September,37.71716173160711,1.4849276272286265,1949-09-01
357,357,1949.0,October,29.437903223658456,1.1589725678605691,1949-10-01
358,358,1949.0,November,82.47880197558882,3.2471969281727886,1949-11-01
359,359,1949.0,December,149.6546460213746,5.8919151976919135,1949-12-01
360,360,1950.0,January,405.6898191553601,15.972040124226776,1950-01-01
361,361,1950.0,February,107.78286187888602,4.243419759011261,1950-02-01
362,362,1950.0,March,117.86991304476584,4.640547757667947,1950-03-01
363,363,1950.0,April,255.6629991700664,10.06547240827033,1950-04-01
364,364,1950.0,May,94.28933851253352,3.712178681595808,1950-05-01
365,365,1950.0,June,46.87480013469267,1.845464572231995,1950-06-01
366,366,1950.0,July,71.183451409876,2.8024980870029923,1950-07-01
367,367,1950.0,August,98.9955718136398,3.8974634572299136,1950-08-01
368,368,1950.0,September,85.8640232650486,3.3804733568916774,1950-09-01
369,369,1950.0,October,90.06275023511175,3.5457775683114865,1950-10-01
370,370,1950.0,November,76.08534132376225,2.9954858788882777,1950-11-01
371,371,1950.0,December,207.91420605902127,8.185598663740999,1950-12-01
372,372,1951.0,January,153.05620236368574,6.025834738727785,1951-01-01
373,373,1951.0,February,141.4151321952865,5.567524889578209,1951-02-01
374,374,1951.0,March,598.6313433223927,23.568163122928848,1951-03-01
375,375,1951.0,April,120.8473713891746,4.757770527132858,1951-04-01
376,376,1951.0,May,54.018217549521545,2.12670147832762,1951-05-01
377,377,1951.0,June,30.736436065132096,1.210095908076067,1951-06-01
378,378,1951.0,July,42.24978206566805,1.6633772466798449,1951-07-01
379,379,1951.0,August,94.89366890269623,3.735971216641584,1951-08-01
380,380,1951.0,September,84.36537341958672,3.321471394471918,1951-09-01
381,381,1951.0,October,313.5049522445047,12.34271465529546,1951-10-01
382,382,1951.0,November,89.48591426420494,3.52306749071673,1951-11-01
383,383,1951.0,December,226.31511232274525,8.910043792234065,1951-12-01
384,384,1952.0,January,172.80385431594397,6.803301351021417,1952-01-01
385,385,1952.0,February,78.01388217993743,3.071412684249505,1952-02-01
386,386,1952.0,March,155.76521409615964,6.132488743943293,1952-03-01
387,387,1952.0,April,82.03777441893808,3.2298336385408697,1952-04-01
388,388,1952.0,May,41.85302677944567,1.6477569598206958,1952-05-01
389,389,1952.0,June,66.82700529606385,2.630984460474955,1952-06-01
390,390,1952.0,July,76.99020471516445,3.0311104218568685,1952-07-01
391,391,1952.0,August,31.71565154036121,1.248647698439418,1952-08-01
392,392,1952.0,September,45.32038714617667,1.7842672104793966,1952-09-01
393,393,1952.0,October,159.40770066842526,6.275893727103357,1952-10-01
394,394,1952.0,November,126.30332919690736,4.972572015626274,1952-11-01
395,395,1952.0,December,69.21763868162618,2.725103885103393,1952-12-01
396,396,1953.0,January,48.226079861793295,1.8986645614879247,1953-01-01
397,397,1953.0,February,90.8966437119704,3.578608020156316,1953-02-01
398,398,1953.0,March,113.4874668911364,4.468010507525055,1953-03-01
399,399,1953.0,April,64.98049601718519,2.5582872447710705,1953-04-01
400,400,1953.0,May,36.42638443489752,1.4341096234211623,1953-05-01
401,401,1953.0,June,47.52502831904846,1.871064107049152,1953-06-01
402,402,1953.0,July,37.334906645780485,1.469878214400807,1953-07-01
403,403,1953.0,August,33.57806204056599,1.321970946478976,1953-08-01
404,404,1953.0,September,11.057416930001162,0.4353313751968962,1953-09-01
405,405,1953.0,October,47.7996789153511,1.8818771226516184,1953-10-01
406,406,1953.0,November,78.46957225912422,3.0893532385481977,1953-11-01
407,407,1953.0,December,127.131761900772,5.005187476408347,1953-12-01
408,408,1954.0,January,80.98120699549568,3.188236495885657,1954-01-01
409,409,1954.0,February,93.99943822375415,3.70076528439977,1954-02-01
410,410,1954.0,March,134.43797559568867,5.292833684869633,1954-03-01
411,411,1954.0,April,130.14906162058813,5.123978803960163,1954-04-01
412,412,1954.0,May,56.48718752663516,2.223905020733668,1954-05-01
413,413,1954.0,June,89.01507936285797,3.504530683577086,1954-06-01
414,414,1954.0,July,228.67540885428704,9.002968852530987,1954-07-01
415,415,1954.0,August,89.34613098054243,3.51756421183238,1954-08-01
416,416,1954.0,September,52.70764794434316,2.07510424977729,1954-09-01
417,417,1954.0,October,101.4188599219689,3.9928685008649176,1954-10-01
418,418,1954.0,November,349.9828471347425,13.77885224939931,1954-11-01
419,419,1954.0,December,324.66726485935186,12.782175781864249,1954-12-01
420,420,1955.0,January,130.2812623695509,5.129183557856335,1955-01-01
421,421,1955.0,February,525.6659417688494,20.69550951845864,1955-02-01
422,422,1955.0,March,197.86586648613743,7.789994743548719,1955-03-01
423,423,1955.0,April,115.11176625088122,4.531959301215796,1955-04-01
424,424,1955.0,May,76.2620533373229,3.0024430447764923,1955-05-01
425,425,1955.0,June,41.47205362376377,1.632758016683613,1955-06-01
426,426,1955.0,July,98.46846694494846,3.8767112970452153,1955-07-01
427,427,1955.0,August,138.56934203198676,5.455485906771132,1955-08-01
428,428,1955.0,September,68.83951794325247,2.7102172418603336,1955-09-01
429,429,1955.0,October,49.04118522102311,1.9307553236623272,1955-10-01
430,430,1955.0,November,129.14521599944527,5.084457322812806,1955-11-01
431,431,1955.0,December,289.7287140795465,11.406642286596318,1955-12-01
432,432,1956.0,January,205.9675344433305,8.10895804895002,1956-01-01
433,433,1956.0,February,295.2775019357896,11.62509850140904,1956-02-01
434,434,1956.0,March,91.08562320506078,3.586048157679558,1956-03-01
435,435,1956.0,April,65.05859271168003,2.5613619177826785,1956-04-01
436,436,1956.0,May,79.93618584807808,3.1470939310266965,1956-05-01
437,437,1956.0,June,138.0215860852123,5.433920712016233,1956-06-01
438,438,1956.0,July,57.73201870212893,2.2729141221310605,1956-07-01
439,439,1956.0,August,79.59677968222714,3.13373148355225,1956-08-01
440,440,1956.0,September,36.73921732930742,1.4464258791065916,1956-09-01
441,441,1956.0,October,112.11297341070232,4.4138965909725325,1956-10-01
442,442,1956.0,November,158.78173187075282,6.251249286250111,1956-11-01
443,443,1956.0,December,135.5407971263637,5.33625185536865,1956-12-01
444,444,1957.0,January,467.1707868406759,18.39255066301873,1957-01-01
445,445,1957.0,February,104.9813213912693,4.133122889420052,1957-02-01
446,446,1957.0,March,35.46972729609563,1.396445956539198,1957-03-01
447,447,1957.0,April,140.54035687869822,5.533084916484182,1957-04-01
448,448,1957.0,May,45.689050414858485,1.7987815123960034,1957-05-01
449,449,1957.0,June,41.60503309577175,1.6379934289673916,1957-06-01
450,450,1957.0,July,87.06377013618425,3.427707485676545,1957-07-01
451,451,1957.0,August,160.19090866901465,6.3067286877564825,1957-08-01
452,452,1957.0,September,25.6997944419906,1.0118029307870315,1957-09-01
453,453,1957.0,October,22.2799243024115,0.8771623741106891,1957-10-01
454,454,1957.0,November,149.97412308010124,5.904493034649655,1957-11-01
455,455,1957.0,December,212.9832378139157,8.38516684306755,1957-12-01
456,456,1958.0,January,60.10760956261991,2.3664413213629887,1958-01-01
457,457,1958.0,February,89.02698589076657,3.504999444518369,1958-02-01
458,458,1958.0,March,430.0285850389469,16.93025925350185,1958-03-01
459,459,1958.0,April,47.08776716649885,1.8538491010432616,1958-04-01
460,460,1958.0,May,63.56875104734883,2.502706734147592,1958-05-01
461,461,1958.0,June,78.65552796132465,3.09667432918601,1958-06-01
462,462,1958.0,July,158.95553394746497,6.258091887695472,1958-07-01
463,463,1958.0,August,320.30967414449657,12.610617092303016,1958-08-01
464,464,1958.0,September,66.52028077029618,2.618908691743944,1958-09-01
465,465,1958.0,October,194.920750364044,7.674045289922993,1958-10-01
466,466,1958.0,November,35.75097316538794,1.4075186285585803,1958-11-01
467,467,1958.0,December,96.8658182268312,3.813614890820126,1958-12-01
468,468,1959.0,January,129.58641314083303,5.101827289009175,1959-01-01
469,469,1959.0,February,157.42144757332886,6.19769478635153,1959-02-01
470,470,1959.0,March,41.80731420686259,1.645957252238685,1959-03-01
471,471,1959.0,April,115.22575367131884,4.536446994933812,1959-04-01
472,472,1959.0,May,64.82287743246766,2.5520817886798293,1959-05-01
473,473,1959.0,June,18.614883264846352,0.7328694198758406,1959-06-01
474,474,1959.0,July,58.68182335802789,2.310308006221571,1959-07-01
475,475,1959.0,August,162.5614277766301,6.400056211678351,1959-08-01
476,476,1959.0,September,37.46820120275373,1.4751260316044776,1959-09-01
477,477,1959.0,October,41.29268840360923,1.6256963938428832,1959-10-01
478,478,1959.0,November,75.64582585441995,2.9781821202527543,1959-11-01
479,479,1959.0,December,79.73861470871424,3.13931553971316,1959-12-01
480,480,1960.0,January,98.66939210609571,3.8846217364604616,1960-01-01
481,481,1960.0,February,65.36904390323797,2.57358440563929,1960-02-01
482,482,1960.0,March,83.08468016223794,3.271050400088108,1960-03-01
483,483,1960.0,April,75.92008437207464,2.9889796996879783,1960-04-01
484,484,1960.0,May,266.75746552055404,10.502262422069055,1960-05-01
485,485,1960.0,June,62.99365077498396,2.480064991141101,1960-06-01
486,486,1960.0,July,51.13453823292749,2.0131707965719485,1960-07-01
487,487,1960.0,August,63.5657327979274,2.5025879054302127,1960-08-01
488,488,1960.0,September,75.1456257521048,2.958489202838772,1960-09-01
489,489,1960.0,October,71.69571672247712,2.822666012695949,1960-10-01
490,490,1960.0,November,122.3198592056184,4.815742488410174,1960-11-01
491,491,1960.0,December,142.0186071000861,5.591283744097877,1960-12-01
492,492,1961.0,January,144.88565785786105,5.704159758183506,1961-01-01
493,493,1961.0,February,113.88045930580276,4.483482649834754,1961-02-01
494,494,1961.0,March,72.11949053882847,2.83935002121372,1961-03-01
495,495,1961.0,April,51.404268930649614,2.023790115379906,1961-04-01
496,496,1961.0,May,55.92323752408903,2.2017022647279143,1961-05-01
497,497,1961.0,June,116.74322846091005,4.596190096886223,1961-06-01
498,498,1961.0,July,96.62637369731476,3.804187940839164,1961-07-01
499,499,1961.0,August,84.42411772598176,3.323784162440227,1961-08-01
500,500,1961.0,September,53.10534355344152,2.0907615572221068,1961-09-01
501,501,1961.0,October,103.6593689777442,4.081077518808827,1961-10-01
502,502,1961.0,November,168.34591002153928,6.627791733131468,1961-11-01
503,503,1961.0,December,77.69486281716613,3.0588528668175643,1961-12-01
504,504,1962.0,January,133.22294427092964,5.244997805942113,1962-01-01
505,505,1962.0,February,101.67702253894691,4.003032383423108,1962-02-01
506,506,1962.0,March,166.3112490953073,6.547686972256193,1962-03-01
507,507,1962.0,April,109.3903876761713,4.306708176227217,1962-04-01
508,508,1962.0,May,64.31236048139765,2.5319826961180176,1962-05-01
509,509,1962.0,June,32.706705319105524,1.287665563744312,1962-06-01
510,510,1962.0,July,60.786816647772255,2.393181757786309,1962-07-01
511,511,1962.0,August,49.05738024739824,1.931392923125916,1962-08-01
512,512,1962.0,September,69.99039289937217,2.7555272795028416,1962-09-01
513,513,1962.0,October,106.58579037457528,4.196290959628948,1962-10-01
514,514,1962.0,November,22.19107574824045,0.8736643995370258,1962-11-01
515,515,1962.0,December,91.14395471155292,3.588344673683185,1962-12-01
516,516,1963.0,January,311.4852954029332,12.263200606414692,1963-01-01
517,517,1963.0,February,36.36498967007067,1.4316925066956958,1963-02-01
518,518,1963.0,March,312.7233798235831,12.311944087542644,1963-03-01
519,519,1963.0,April,407.77554935252175,16.054155486319754,1963-04-01
520,520,1963.0,May,179.41887637708314,7.063735290436345,1963-05-01
521,521,1963.0,June,87.56802259817631,3.447559944810091,1963-06-01
522,522,1963.0,July,138.5704321325178,5.455528824114874,1963-07-01
523,523,1963.0,August,40.024200574886166,1.5757559281451248,1963-08-01
524,524,1963.0,September,100.41453741852348,3.95332824482376,1963-09-01
525,525,1963.0,October,97.34112864838548,3.832327899542736,1963-10-01
526,526,1963.0,November,41.16360869774452,1.6206145156592329,1963-11-01
527,527,1963.0,December,49.07507832092647,1.9320896976742703,1963-12-01
528,528,1964.0,January,148.4872600848858,5.845955121452198,1964-01-01
529,529,1964.0,February,89.9962289347451,3.543158619478154,1964-02-01
530,530,1964.0,March,204.7339374609953,8.060391238621863,1964-03-01
531,531,1964.0,April,107.76076308933236,4.242549727926471,1964-04-01
532,532,1964.0,May,65.81608359207063,2.591184393388608,1964-05-01
533,533,1964.0,June,41.15690476231321,1.6203505811934336,1964-06-01
534,534,1964.0,July,141.40291915983843,5.567044061410963,1964-07-01
535,535,1964.0,August,69.2040084297135,2.7245672610123424,1964-08-01
536,536,1964.0,September,69.03663836146248,2.7179778882465544,1964-09-01
537,537,1964.0,October,56.775696974534256,2.2352636604147347,1964-10-01
538,538,1964.0,November,196.93452340752413,7.753327693209613,1964-11-01
539,539,1964.0,December,239.97132422091693,9.44768992995736,1964-12-01
540,540,1965.0,January,129.47387546336157,5.097396671785889,1965-01-01
541,541,1965.0,February,124.00707357733911,4.882168251076344,1965-02-01
542,542,1965.0,March,48.39402855641743,1.905276714819584,1965-03-01
543,543,1965.0,April,144.4662574452056,5.687647930913607,1965-04-01
544,544,1965.0,May,261.2939008001745,10.287161448825769,1965-05-01
545,545,1965.0,June,62.82872821875578,2.4735719771163693,1965-06-01
546,546,1965.0,July,145.373479628704,5.723365339712756,1965-07-01
547,547,1965.0,August,93.8098413591554,3.693300840911631,1965-08-01
548,548,1965.0,September,62.99080177171696,2.479952825658148,1965-09-01
549,549,1965.0,October,206.33389869103064,8.123381838229554,1965-10-01
550,550,1965.0,November,553.863930245123,21.805666545083582,1965-11-01
551,551,1965.0,December,333.10436713766063,13.114345162900026,1965-12-01
552,552,1966.0,January,84.37366431422487,3.3217978076466483,1966-01-01
553,553,1966.0,February,184.3623453174117,7.258360051866602,1966-02-01
554,554,1966.0,March,42.65097391252687,1.6791722012805856,1966-03-01
555,555,1966.0,April,34.27254613616763,1.3493128400065997,1966-04-01
556,556,1966.0,May,49.32217441084822,1.941817890190875,1966-05-01
557,557,1966.0,June,42.92707507567998,1.6900423258141726,1966-06-01
558,558,1966.0,July,93.35565625704253,3.67541953767884,1966-07-01
559,559,1966.0,August,52.31235360817091,2.05954148063665,1966-08-01
560,560,1966.0,September,30.654963510276296,1.2068883271762323,1966-09-01
561,561,1966.0,October,248.6824906930416,9.790649239883528,1966-10-01
562,562,1966.0,November,372.8709252712995,14.679957687846438,1966-11-01
563,563,1966.0,December,147.7428089570717,5.816646021931957,1966-12-01
564,564,1967.0,January,82.75096888796112,3.2579121609433512,1967-01-01
565,565,1967.0,February,122.4036342914288,4.819040720134992,1967-02-01
566,566,1967.0,March,250.53043911725103,9.863403114852405,1967-03-01
567,567,1967.0,April,133.68902181591508,5.263347315587208,1967-04-01
568,568,1967.0,May,143.1106745251537,5.634278524612351,1967-05-01
569,569,1967.0,June,75.26732976337861,2.963280699345615,1967-06-01
570,570,1967.0,July,106.97308995173528,4.211538974477767,1967-07-01
571,571,1967.0,August,181.93720908983207,7.162882247631188,1967-08-01
572,572,1967.0,September,57.9459834239892,2.281337930078315,1967-09-01
573,573,1967.0,October,117.27566559921355,4.617152188945416,1967-10-01
574,574,1967.0,November,203.40149720321745,8.007932960756593,1967-11-01
575,575,1967.0,December,308.65855290339545,12.151911531629745,1967-12-01
576,576,1968.0,January,309.62123261400933,12.189812307638164,1968-01-01
577,577,1968.0,February,87.3202312401766,3.437804379534512,1968-02-01
578,578,1968.0,March,188.94441859679816,7.438756637669219,1968-03-01
579,579,1968.0,April,162.33218550823145,6.391030925520924,1968-04-01
580,580,1968.0,May,56.29056693534174,2.216164052572509,1968-05-01
581,581,1968.0,June,50.59459067801752,1.991913018819588,1968-06-01
582,582,1968.0,July,53.288789173555095,2.097983825730516,1968-07-01
583,583,1968.0,August,30.938677584631204,1.2180581726232758,1968-08-01
584,584,1968.0,September,82.93581765078935,3.265189671290919,1968-09-01
585,585,1968.0,October,137.20112262251814,5.401619000886542,1968-10-01
586,586,1968.0,November,192.9834697655672,7.597774400219182,1968-11-01
587,587,1968.0,December,351.80679808848004,13.850661342066145,1968-12-01
588,588,1969.0,January,340.5367534569735,13.406958797518644,1969-01-01
589,589,1969.0,February,144.86343550823145,5.703284862528798,1969-02-01
590,590,1969.0,March,133.92815850613383,5.272762145910782,1969-03-01
591,591,1969.0,April,75.76376461277347,2.9828253784556487,1969-04-01
592,592,1969.0,May,68.85626737605891,2.710876668348776,1969-05-01
593,593,1969.0,June,50.55972723424787,1.990540442293224,1969-06-01
594,594,1969.0,July,115.19650406244943,4.535295435529505,1969-07-01
595,595,1969.0,August,63.50223353910728,2.500087934610523,1969-08-01
596,596,1969.0,September,65.72299101790027,2.5875193314133966,1969-09-01
597,597,1969.0,October,47.174999282204894,1.85728343630728,1969-10-01
598,598,1969.0,November,185.91999293220115,7.319684761110281,1969-11-01
599,599,1969.0,December,117.30880132370449,4.618456745027736,1969-12-01
600,600,1970.0,January,121.54381227211134,4.785189459531943,1970-01-01
601,601,1970.0,February,23.294092821651663,0.9170902685689633,1970-02-01
602,602,1970.0,March,25.40317579416128,1.0001250312661922,1970-03-01
603,603,1970.0,April,135.84567935650165,5.348255092775656,1970-04-01
604,604,1970.0,May,65.31295636419713,2.571376234810911,1970-05-01
605,605,1970.0,June,50.777824740438064,1.999126958284964,1970-06-01
606,606,1970.0,July,171.62350558670315,6.75683092861036,1970-07-01
607,607,1970.0,August,48.4030922432623,1.9056335528843429,1970-08-01
608,608,1970.0,September,61.05492368393396,2.403737152910786,1970-09-01
609,609,1970.0,October,112.93960503572544,4.446441143138797,1970-10-01
610,610,1970.0,November,272.0740216497839,10.711575655503305,1970-11-01
611,611,1970.0,December,194.6374206091525,7.662890575163487,1970-12-01
612,612,1971.0,January,341.0098772218241,13.425585717394652,1971-01-01
613,613,1971.0,February,77.0843937439326,3.034818651335929,1971-02-01
614,614,1971.0,March,189.09620973485465,7.44473266672656,1971-03-01
615,615,1971.0,April,188.98036496314776,7.440171848942826,1971-04-01
616,616,1971.0,May,59.15204891227406,2.3288208233178764,1971-05-01
617,617,1971.0,June,109.94903076894184,4.328701998777238,1971-06-01
618,618,1971.0,July,30.188431734164087,1.1885209344159091,1971-07-01
619,619,1971.0,August,44.72494653555063,1.7608246667539618,1971-08-01
620,620,1971.0,September,97.80451053416236,3.8505712808725336,1971-09-01
621,621,1971.0,October,74.70100111650997,2.9409842959255896,1971-10-01
622,622,1971.0,November,90.73615181375536,3.572289441486432,1971-11-01
623,623,1971.0,December,148.46992294040658,5.84527255670892,1971-12-01
624,624,1972.0,January,190.95003486949312,7.517717908247761,1972-01-01
625,625,1972.0,February,169.59639654215977,6.6770234859118025,1972-02-01
626,626,1972.0,March,78.35983860986472,3.0850330161364066,1972-03-01
627,627,1972.0,April,212.0154348520132,8.347064364252489,1972-04-01
628,628,1972.0,May,28.71162624471992,1.1303789860125952,1972-05-01
629,629,1972.0,June,47.65287196142434,1.8760973213159189,1972-06-01
630,630,1972.0,July,59.5514355157254,2.34454470534352,1972-07-01
631,631,1972.0,August,64.66970089342468,2.5460512162765623,1972-08-01
632,632,1972.0,September,67.66694018121302,2.6640527630398827,1972-09-01
633,633,1972.0,October,99.585273381521,3.920680054390591,1972-10-01
634,634,1972.0,November,96.36820182574571,3.794023693926997,1972-11-01
635,635,1972.0,December,93.05588463777622,3.663617505424261,1972-12-01
636,636,1973.0,January,34.96318023726785,1.3765031589475532,1973-01-01
637,637,1973.0,February,65.95662831413675,2.5967176501628644,1973-02-01
638,638,1973.0,March,128.7354828874035,5.068326097929272,1973-03-01
639,639,1973.0,April,85.4182166827501,3.362921916643705,1973-04-01
640,640,1973.0,May,112.24411462185653,4.419059630781753,1973-05-01
641,641,1973.0,June,46.49137454061113,1.8303690764020133,1973-06-01
642,642,1973.0,July,86.2783828148475,3.3967867249939965,1973-07-01
643,643,1973.0,August,54.45129843717496,2.1437519069753925,1973-08-01
644,644,1973.0,September,47.47387952635274,1.8690503750532577,1973-09-01
645,645,1973.0,October,97.68016625579293,3.845675836842241,1973-10-01
646,646,1973.0,November,125.18109591331708,4.928389602886499,1973-11-01
647,647,1973.0,December,144.39672377546864,5.68491038486097,1973-12-01
648,648,1974.0,January,247.89801169852527,9.759764240099424,1974-01-01
649,649,1974.0,February,125.40393084463987,4.937162631678736,1974-02-01
650,650,1974.0,March,176.2736427713428,6.939907195722157,1974-03-01
651,651,1974.0,April,282.9209313025841,11.138619342621425,1974-04-01
652,652,1974.0,May,105.49609521719124,4.153389575479971,1974-05-01
653,653,1974.0,June,84.96336782331298,3.3450144812327944,1974-06-01
654,654,1974.0,July,110.19048498932426,4.338208070445837,1974-07-01
655,655,1974.0,August,29.095325650548087,1.145485261832602,1974-08-01
656,656,1974.0,September,158.6855684991419,6.247463326737871,1974-09-01
657,657,1974.0,October,118.67348417022524,4.672184416150601,1974-10-01
658,658,1974.0,November,188.4294908512273,7.418483891780604,1974-11-01
659,659,1974.0,December,86.32887387698923,3.3987745620861904,1974-12-01
660,660,1975.0,January,274.8040430193117,10.819056811783923,1975-01-01
661,661,1975.0,February,107.1768964507876,4.219562852393214,1975-02-01
662,662,1975.0,March,111.63390034331373,4.395035446587155,1975-03-01
663,663,1975.0,April,89.61679397673296,3.528220235304448,1975-04-01
664,664,1975.0,May,50.00723337703908,1.96878871563146,1975-05-01
665,665,1975.0,June,30.681823944904394,1.2079458246025352,1975-06-01
666,666,1975.0,July,57.00696192408454,2.244368579688368,1975-07-01
667,667,1975.0,August,33.52603501539964,1.3199226384015608,1975-08-01
668,668,1975.0,September,22.468873136847684,0.8846013046003025,1975-09-01
669,669,1975.0,October,54.87027768693732,2.1602471530290286,1975-10-01
670,670,1975.0,November,375.9512856387528,14.801231718061134,1975-11-01
671,671,1975.0,December,60.76808778209799,2.39244440087,1975-12-01
672,672,1976.0,January,61.253888711421446,2.4115704217095058,1976-01-01
673,673,1976.0,February,244.9986570459851,9.645616419133273,1976-02-01
674,674,1976.0,March,167.45224382750382,6.592608024704875,1976-03-01
675,675,1976.0,April,177.07912259976538,6.971618999990763,1976-04-01
676,676,1976.0,May,81.0026627489801,3.189081210589768,1976-05-01
677,677,1976.0,June,41.75124784616324,1.6437499152032773,1976-06-01
678,678,1976.0,July,69.31075519358617,2.728769889511267,1976-07-01
679,679,1976.0,August,45.202482753956815,1.7796253052738904,1976-08-01
680,680,1976.0,September,35.81410482508191,1.410004126971729,1976-09-01
681,681,1976.0,October,48.85847675165481,1.923562076836804,1976-10-01
682,682,1976.0,November,50.07438310927893,1.9714324058771235,1976-11-01
683,683,1976.0,December,16.638756921305458,0.6550691701301362,1976-12-01
684,684,1977.0,January,25.113565162794124,0.9887230379052804,1977-01-01
685,685,1977.0,February,62.93816775259887,2.477880620181058,1977-02-01
686,686,1977.0,March,208.8510523688864,8.222482376727811,1977-03-01
687,687,1977.0,April,160.78508808203702,6.330121578032954,1977-04-01
688,688,1977.0,May,188.8607536180485,7.435462740868052,1977-05-01
689,689,1977.0,June,86.14315488916883,3.391462790912158,1977-06-01
690,690,1977.0,July,49.6100437344884,1.9531513281294648,1977-07-01
691,691,1977.0,August,32.915918118854954,1.295902288143896,1977-08-01
692,692,1977.0,September,28.17885969376423,1.1094039249513477,1977-09-01
693,693,1977.0,October,40.09335331662872,1.578478477032627,1977-10-01
694,694,1977.0,November,55.06005209296413,2.16771858633717,1977-11-01
695,695,1977.0,December,96.99832320354392,3.818831622186769,1977-12-01
696,696,1978.0,January,36.27445921813243,1.428128315674505,1978-01-01
697,697,1978.0,February,20.182944675874428,0.7946041210974184,1978-02-01
698,698,1978.0,March,75.69187220737074,2.979994968794124,1978-03-01
699,699,1978.0,April,132.67492973733937,5.223422430603913,1978-04-01
700,700,1978.0,May,163.92109300963273,6.453586338961919,1978-05-01
701,701,1978.0,June,134.6507280789889,5.301209766889326,1978-06-01
702,702,1978.0,July,55.94972591287286,2.202745114680034,1978-07-01
703,703,1978.0,August,76.00033257839948,2.9921390778897434,1978-08-01
704,704,1978.0,September,71.00134288629836,2.795328460090486,1978-09-01
705,705,1978.0,October,212.27102254833696,8.357126871981771,1978-10-01
706,706,1978.0,November,117.99128804404354,4.645326300946596,1978-11-01
707,707,1978.0,December,139.40460159933778,5.488370141706212,1978-12-01
708,708,1979.0,January,238.4558399809888,9.38802519610192,1979-01-01
709,709,1979.0,February,329.6642735046748,12.978908405695858,1979-02-01
710,710,1979.0,March,42.44915014187965,1.671226383538569,1979-03-01
711,711,1979.0,April,80.46650736430693,3.167972730878226,1979-04-01
712,712,1979.0,May,66.52056956996579,2.6189200618096766,1979-05-01
713,713,1979.0,June,81.86207910120135,3.222916500047297,1979-06-01
714,714,1979.0,July,45.089972411387066,1.775195764227837,1979-07-01
715,715,1979.0,August,43.94781232303416,1.7302288316155183,1979-08-01
716,716,1979.0,September,60.47378070537861,2.380857508085772,1979-09-01
717,717,1979.0,October,54.27667797246628,2.136877085530169,1979-10-01
718,718,1979.0,November,84.1854090718828,3.314386183932394,1979-11-01
719,719,1979.0,December,115.05004905384672,4.529529490308927,1979-12-01
720,720,1980.0,January,327.31588149211814,12.886452027248746,1980-01-01
721,721,1980.0,February,79.59000315468693,3.1334646911294066,1980-02-01
722,722,1980.0,March,243.46989395773625,9.585428895973868,1980-03-01
723,723,1980.0,April,216.63283164120284,8.528851639417436,1980-04-01
724,724,1980.0,May,149.1843891030938,5.873401145791094,1980-05-01
725,725,1980.0,June,153.76584814850395,6.053773549153699,1980-06-01
726,726,1980.0,July,130.33130230423967,5.131153634025184,1980-07-01
727,727,1980.0,August,74.09921966643023,2.917292112851584,1980-08-01
728,728,1980.0,September,44.91748941861666,1.7684050952211283,1980-09-01
729,729,1980.0,October,90.81833738970332,3.5755250940828085,1980-10-01
730,730,1980.0,November,37.38153563730816,1.471714001468825,1980-11-01
731,731,1980.0,December,188.35530397313588,7.415563148548657,1980-12-01
732,732,1981.0,January,55.06435215966941,2.167887880301945,1981-01-01
733,733,1981.0,February,81.77130449735202,3.2193426967461427,1981-02-01
734,734,1981.0,March,66.562964557896,2.6205891558226773,1981-03-01
735,735,1981.0,April,98.56882887620192,3.8806625541811774,1981-04-01
736,736,1981.0,May,114.55704137136244,4.510119739030018,1981-05-01
737,737,1981.0,June,53.11268104462934,2.091050434827927,1981-06-01
738,738,1981.0,July,84.90194040783764,3.342596079048726,1981-07-01
739,739,1981.0,August,81.7033536561142,3.21666746677615,1981-08-01
740,740,1981.0,September,54.401803722043006,2.1418032961434257,1981-09-01
741,741,1981.0,October,128.19341964270237,5.046985025303243,1981-10-01
742,742,1981.0,November,174.34916420660076,6.864140323094518,1981-11-01
743,743,1981.0,December,194.7629408074553,7.66783231525415,1981-12-01
744,744,1982.0,January,443.57558138694986,17.46360556641535,1982-01-01
745,745,1982.0,February,93.87550647442156,3.6958860816701407,1982-02-01
746,746,1982.0,March,230.1958461964624,9.062828590411906,1982-03-01
747,747,1982.0,April,143.70127010909763,5.657530319255812,1982-04-01
748,748,1982.0,May,51.32649576311281,2.020728179650111,1982-05-01
749,749,1982.0,June,69.74380213269116,2.745818981602014,1982-06-01
750,750,1982.0,July,89.40554741853794,3.519903441674722,1982-07-01
751,751,1982.0,August,185.63163229135367,7.308331979974554,1982-08-01
752,752,1982.0,September,114.25501847126075,4.498229073671683,1982-09-01
753,753,1982.0,October,286.4011044474043,11.275634033362374,1982-10-01
754,754,1982.0,November,118.74925674348188,4.675167588326058,1982-11-01
755,755,1982.0,December,160.90502789740026,6.334843618007884,1982-12-01
756,756,1983.0,January,56.170077803572255,2.211420385967412,1983-01-01
757,757,1983.0,February,6.7693855621405605,0.2665112426039591,1983-02-01
758,758,1983.0,March,27.34511474744808,1.0765793207656724,1983-03-01
759,759,1983.0,April,100.25856496596478,3.947187597085228,1983-04-01
760,760,1983.0,May,55.94100308841502,2.2024016963942925,1983-05-01
761,761,1983.0,June,76.82535033818533,3.024620092054541,1983-06-01
762,762,1983.0,July,115.49314279951288,4.546974125965074,1983-07-01
763,763,1983.0,August,68.20540813017173,2.6852522885894383,1983-08-01
764,764,1983.0,September,103.3673844422109,4.069582064653973,1983-09-01
765,765,1983.0,October,69.96045872163491,2.7543487685683035,1983-10-01
766,766,1983.0,November,42.38793410351996,1.6688163032881875,1983-11-01
767,767,1983.0,December,50.05516000330096,1.97067559068114,1983-12-01
768,768,1984.0,January,57.24538431788337,2.2537552881056446,1984-01-01
769,769,1984.0,February,91.14525410127358,3.5883958307588024,1984-02-01
770,770,1984.0,March,69.71475395789513,2.7446753526730365,1984-03-01
771,771,1984.0,April,162.32957652616784,6.390928209691648,1984-04-01
772,772,1984.0,May,58.095086577375966,2.287208132967558,1984-05-01
773,773,1984.0,June,39.48276177806967,1.5544394400814832,1984-06-01
774,774,1984.0,July,58.22846283997304,2.2924591669280727,1984-07-01
775,775,1984.0,August,36.36533697681314,1.4317061801894937,1984-08-01
776,776,1984.0,September,26.46800063770904,1.042047269201143,1984-09-01
777,777,1984.0,October,59.06438585992395,2.3253695220442503,1984-10-01
778,778,1984.0,November,159.14171288845807,6.265421767262129,1984-11-01
779,779,1984.0,December,228.3072098952073,8.988472830519974,1984-12-01
780,780,1985.0,January,77.94745069424782,3.06879727142708,1985-01-01
781,781,1985.0,February,202.4843157706176,7.971823455536127,1985-02-01
782,782,1985.0,March,140.74131598839392,5.540996692456454,1985-03-01
783,783,1985.0,April,70.39664560803296,2.7715214806312187,1985-04-01
784,784,1985.0,May,110.1572894937188,4.336901161170031,1985-05-01
785,785,1985.0,June,31.98817483913264,1.2593769621705764,1985-06-01
786,786,1985.0,July,87.9670055095966,3.4632679334486856,1985-07-01
787,787,1985.0,August,64.24863458667281,2.529473802624914,1985-08-01
788,788,1985.0,September,73.80027373725846,2.905522588081042,1985-09-01
789,789,1985.0,October,229.69040603186247,9.042929371333171,1985-10-01
790,790,1985.0,November,133.03043017867049,5.237418510971279,1985-11-01
791,791,1985.0,December,45.0565851877427,1.7738813066040433,1985-12-01
792,792,1986.0,January,20.874843625627324,0.8218442372294222,1986-01-01
793,793,1986.0,February,65.7163721118453,2.587258744560839,1986-02-01
794,794,1986.0,March,96.22715497440134,3.7884706682835176,1986-03-01
795,795,1986.0,April,223.77630168305348,8.81009061744305,1986-04-01
796,796,1986.0,May,69.76575305193839,2.7466831910211966,1986-05-01
797,797,1986.0,June,115.47351692696294,4.546201453817439,1986-06-01
798,798,1986.0,July,144.58710475221895,5.692405698906258,1986-07-01
799,799,1986.0,August,83.56444490872897,3.289938775934212,1986-08-01
800,800,1986.0,September,103.97532777955546,4.093516841714782,1986-09-01
801,801,1986.0,October,114.00675874066776,4.488455068530227,1986-10-01
802,802,1986.0,November,262.4047013683432,10.33089375465918,1986-11-01
803,803,1986.0,December,115.5582434298724,4.549537142908362,1986-12-01
804,804,1987.0,January,63.333773968487804,2.493455668050701,1987-01-01
805,805,1987.0,February,80.07881372214774,3.15270920165936,1987-02-01
806,806,1987.0,March,61.45173730793789,2.419359736532988,1987-03-01
807,807,1987.0,April,125.40950278558677,4.937381999432549,1987-04-01
808,808,1987.0,May,73.58850084112946,2.897185072485412,1987-05-01
809,809,1987.0,June,133.30133997900245,5.248084251141829,1987-06-01
810,810,1987.0,July,71.17654214667145,2.8022260687665925,1987-07-01
811,811,1987.0,August,70.84602123463648,2.789213434434507,1987-08-01
812,812,1987.0,September,93.7033126199034,3.689106796059189,1987-09-01
813,813,1987.0,October,75.8873024212538,2.987689071702906,1987-10-01
814,814,1987.0,November,172.92117675239518,6.807920344582488,1987-11-01
815,815,1987.0,December,528.4645829962556,20.80569224394707,1987-12-01
816,816,1988.0,January,197.4001644969692,7.771660019565716,1988-01-01
817,817,1988.0,February,52.39256232447878,2.062699304113338,1988-02-01
818,818,1988.0,March,78.03981993184287,3.0724338555843653,1988-03-01
819,819,1988.0,April,123.16200385009044,4.848897789373639,1988-04-01
820,820,1988.0,May,106.89039898483006,4.208283424599609,1988-05-01
821,821,1988.0,June,44.978115296222754,1.7707919407961714,1988-06-01
822,822,1988.0,July,48.09559212633844,1.8935272490684425,1988-07-01
823,823,1988.0,August,97.91654065374792,3.854981915501887,1988-08-01
824,824,1988.0,September,93.59784425363031,3.6849544981744224,1988-09-01
825,825,1988.0,October,51.52235687978169,2.0284392472355,1988-10-01
826,826,1988.0,November,160.75810187526002,6.329059128947246,1988-11-01
827,827,1988.0,December,280.55267234666815,11.045380801049928,1988-12-01
828,828,1989.0,January,252.29723534217248,9.932962021345372,1989-01-01
829,829,1989.0,February,263.23867274177144,10.363727273298087,1989-02-01
830,830,1989.0,March,91.02160504583776,3.583527757710148,1989-03-01
831,831,1989.0,April,216.39584346071504,8.519521396091143,1989-04-01
832,832,1989.0,May,63.76199773077429,2.5103148712903267,1989-05-01
833,833,1989.0,June,70.2942372384156,2.7674896550557326,1989-06-01
834,834,1989.0,July,178.53753170036,7.029036681116536,1989-07-01
835,835,1989.0,August,68.93124310645831,2.713828468758201,1989-08-01
836,836,1989.0,September,70.20813293005588,2.7640997216557435,1989-09-01
837,837,1989.0,October,247.3269323766584,9.737280802230648,1989-10-01
838,838,1989.0,November,46.61725237242569,1.8353248965521929,1989-11-01
839,839,1989.0,December,50.083006458169606,1.971771907801953,1989-12-01
840,840,1990.0,January,223.9868139684553,8.81837850269509,1990-01-01
841,841,1990.0,February,159.9997748651448,6.299203734848222,1990-02-01
842,842,1990.0,March,162.4223566450311,6.394580970276816,1990-03-01
843,843,1990.0,April,40.00911088525896,1.5751618458763372,1990-04-01
844,844,1990.0,May,70.42568574713532,2.7726647931943043,1990-05-01
845,845,1990.0,June,65.11759584189872,2.563684875665304,1990-06-01
846,846,1990.0,July,86.71802236342572,3.414095368638808,1990-07-01
847,847,1990.0,August,32.60708376641809,1.2837434553707912,1990-08-01
848,848,1990.0,September,96.05932553985416,3.781863210230479,1990-09-01
849,849,1990.0,October,67.63063866429076,2.662623569460266,1990-10-01
850,850,1990.0,November,239.3176664995724,9.421955373998914,1990-11-01
851,851,1990.0,December,315.68786061303854,12.428655929647189,1990-12-01
852,852,1991.0,January,60.97093740158533,2.400430606361627,1991-01-01
853,853,1991.0,February,89.1458112727961,3.509677609165201,1991-02-01
854,854,1991.0,March,334.4394652236848,13.16690807967263,1991-03-01
855,855,1991.0,April,115.19384846884824,4.535190884600325,1991-04-01
856,856,1991.0,May,68.21867022994002,2.6857744185015755,1991-05-01
857,857,1991.0,June,109.07695571628548,4.29436833528683,1991-06-01
858,858,1991.0,July,60.17872830678726,2.369241271920758,1991-07-01
859,859,1991.0,August,88.46920753795014,3.483039666848431,1991-08-01
860,860,1991.0,September,69.73135360176042,2.745328881959072,1991-09-01
861,861,1991.0,October,202.7911129562107,7.983902084890185,1991-10-01
862,862,1991.0,November,73.5996904768182,2.897625609323552,1991-11-01
863,863,1991.0,December,134.38765621749607,5.290852606988035,1991-12-01
864,864,1992.0,January,33.584718467215815,1.3222330105203075,1992-01-01
865,865,1992.0,February,80.61672955575074,3.173886990383888,1992-02-01
866,866,1992.0,March,89.66507567456487,3.5301210895497985,1992-03-01
867,867,1992.0,April,34.321003129496376,1.3512205956494636,1992-04-01
868,868,1992.0,May,61.11453312529615,2.4060839813108723,1992-05-01
869,869,1992.0,June,77.19461143087354,3.039157930349352,1992-06-01
870,870,1992.0,July,142.79264456844894,5.621757660175155,1992-07-01
871,871,1992.0,August,77.56316217727209,3.053667802254807,1992-08-01
872,872,1992.0,September,159.33510314219097,6.273035556779172,1992-09-01
873,873,1992.0,October,140.4518475504317,5.52960029726109,1992-10-01
874,874,1992.0,November,110.04945811435316,4.332655831273747,1992-11-01
875,875,1992.0,December,282.0524147530279,11.104425777678264,1992-12-01
876,876,1993.0,January,45.915199911806006,1.8076850358978744,1993-01-01
877,877,1993.0,February,44.2721201315434,1.742996855572575,1993-02-01
878,878,1993.0,March,23.07378812372332,0.9084168552646976,1993-03-01
879,879,1993.0,April,121.30796251917732,4.775904036188084,1993-04-01
880,880,1993.0,May,81.22838748277292,3.197968011132792,1993-05-01
881,881,1993.0,June,56.65183461206199,2.2303871894512595,1993-06-01
882,882,1993.0,July,184.9384762013452,7.281042370131702,1993-07-01
883,883,1993.0,August,128.6155695266272,5.063605099473513,1993-08-01
884,884,1993.0,September,75.78140173014805,2.983519753155435,1993-09-01
885,885,1993.0,October,104.98534506171411,4.133281301642289,1993-10-01
886,886,1993.0,November,93.99280204998672,3.700504017716012,1993-11-01
887,887,1993.0,December,56.14522218422072,2.210441818276406,1993-12-01
888,888,1994.0,January,107.33115256044286,4.225635927576491,1994-01-01
889,889,1994.0,February,216.0007688082181,8.5039672759141,1994-02-01
890,890,1994.0,March,213.6639523477949,8.411966627865944,1994-03-01
891,891,1994.0,April,86.88168474908412,3.420538769648981,1994-04-01
892,892,1994.0,May,70.08133015830136,2.7591074865472978,1994-05-01
893,893,1994.0,June,76.90445646026431,3.027734506309619,1994-06-01
894,894,1994.0,July,67.89285797480295,2.672947164362321,1994-07-01
895,895,1994.0,August,46.61480663231844,1.835228607571592,1994-08-01
896,896,1994.0,September,72.36713156615488,2.849099667958854,1994-09-01
897,897,1994.0,October,98.8724998609554,3.892618104762025,1994-10-01
898,898,1994.0,November,106.1999324821156,4.1810997040203,1994-11-01
899,899,1994.0,December,115.19107660598304,4.535081756141064,1994-12-01
900,900,1995.0,January,64.74436368321525,2.548990696189577,1995-01-01
901,901,1995.0,February,130.22849196936252,5.127105983045769,1995-02-01
902,902,1995.0,March,68.58515158207459,2.700202818191913,1995-03-01
903,903,1995.0,April,121.9006618522328,4.799238655599717,1995-04-01
904,904,1995.0,May,46.69589436547996,1.8384210380110224,1995-05-01
905,905,1995.0,June,52.68175800030048,2.0740849606417515,1995-06-01
906,906,1995.0,July,94.87864587998249,3.7353797590544286,1995-07-01
907,907,1995.0,August,109.37951393804606,4.306280076301026,1995-08-01
908,908,1995.0,September,46.7190040723812,1.8393308689913856,1995-09-01
909,909,1995.0,October,123.63791873187004,4.867634595742915,1995-10-01
910,910,1995.0,November,118.18368557360046,4.652901006834664,1995-11-01
911,911,1995.0,December,71.39606076302613,2.810868533977407,1995-12-01
912,912,1996.0,January,155.32588854908238,6.115192462562299,1996-01-01
913,913,1996.0,February,75.53601983877329,2.973859048770602,1996-02-01
914,914,1996.0,March,108.77405200484236,4.2824429923166285,1996-03-01
915,915,1996.0,April,74.72382510484323,2.9418828781434345,1996-04-01
916,916,1996.0,May,30.07983612873145,1.184245516879191,1996-05-01
917,917,1996.0,June,198.5850947904869,7.818310818523106,1996-06-01
918,918,1996.0,July,141.51960366153153,5.571637939430375,1996-07-01
919,919,1996.0,August,135.56152781650158,5.337068024271716,1996-08-01
920,920,1996.0,September,98.16411838870076,3.86472907042129,1996-09-01
921,921,1996.0,October,33.233299323087614,1.3083976111451818,1996-10-01
922,922,1996.0,November,540.2710903551451,21.2705153683128,1996-11-01
923,923,1996.0,December,105.77097604966022,4.164211655498434,1996-12-01
924,924,1997.0,January,207.1644079445382,8.156079052934576,1997-01-01
925,925,1997.0,February,49.857817226613065,1.9629061900241365,1997-02-01
926,926,1997.0,March,274.7930555174337,10.81862423296983,1997-03-01
927,927,1997.0,April,162.26316517485668,6.388313589561287,1997-04-01
928,928,1997.0,May,65.52808086688702,2.579845703420749,1997-05-01
929,929,1997.0,June,102.8094827324681,4.04761743041213,1997-06-01
930,930,1997.0,July,90.434356802314,3.560407748122598,1997-07-01
931,931,1997.0,August,72.74147564137476,2.863837623676172,1997-08-01
932,932,1997.0,September,75.45284000374156,2.9705842521158097,1997-09-01
933,933,1997.0,October,139.26043132353112,5.482694146595714,1997-10-01
934,934,1997.0,November,99.44010573167068,3.91496479258546,1997-11-01
935,935,1997.0,December,77.17747066430086,3.0384830970197187,1997-12-01
936,936,1998.0,January,46.83544647623096,1.8439152155996443,1998-01-01
937,937,1998.0,February,14.613384102928569,0.5753300827924633,1998-02-01
938,938,1998.0,March,58.36641128810905,2.29789020819327,1998-03-01
939,939,1998.0,April,135.11722095196063,5.319575628029947,1998-04-01
940,940,1998.0,May,83.22684677394889,3.2766475107853896,1998-05-01
941,941,1998.0,June,114.1960406331621,4.495907111541815,1998-06-01
942,942,1998.0,July,59.62701561606142,2.347520299844938,1998-07-01
943,943,1998.0,August,35.91837333363189,1.4141091863634605,1998-08-01
944,944,1998.0,September,35.077805163592274,1.3810159513225306,1998-09-01
945,945,1998.0,October,40.18131084555,1.5819413718720472,1998-10-01
946,946,1998.0,November,163.70364257993077,6.445025298422472,1998-11-01
947,947,1998.0,December,118.74208673781897,4.674885304638543,1998-12-01
948,948,1999.0,January,126.81105817986663,4.992561345664041,1999-01-01
949,949,1999.0,February,75.82093095497267,2.9850760218493178,1999-02-01
950,950,1999.0,March,124.9080526137493,4.917639866683044,1999-03-01
951,951,1999.0,April,147.1358796520346,5.792751167402937,1999-04-01
952,952,1999.0,May,83.18986511230469,3.275191539854516,1999-05-01
953,953,1999.0,June,56.626092876908345,2.229373735311352,1999-06-01
954,954,1999.0,July,102.28484202277733,4.026962284361312,1999-07-01
955,955,1999.0,August,42.68609423891327,1.6805548912957982,1999-08-01
956,956,1999.0,September,41.21091397979556,1.6224769283384075,1999-09-01
957,957,1999.0,October,97.92036298040809,3.855132400803468,1999-10-01
958,958,1999.0,November,68.48525592420228,2.6962699182756804,1999-11-01
959,959,1999.0,December,251.80259533041328,9.91348800513438,1999-12-01
960,960,2000.0,January,159.9413231392584,6.296902485797575,2000-01-01
961,961,2000.0,February,13.85397295415754,0.5454320060691946,2000-02-01
962,962,2000.0,March,65.79896771131888,2.590510539815704,2000-03-01
963,963,2000.0,April,110.55779726829756,4.352669183791242,2000-04-01
964,964,2000.0,May,29.33036085275503,1.1547386162501982,2000-05-01
965,965,2000.0,June,46.17706943263669,1.8179948595526256,2000-06-01
966,966,2000.0,July,96.1346406880215,3.784828373544154,2000-07-01
967,967,2000.0,August,88.0057512768627,3.464793357356799,2000-08-01
968,968,2000.0,September,31.352767729900293,1.234360934248043,2000-09-01
969,969,2000.0,October,75.70010170569786,2.9803189647912545,2000-10-01
970,970,2000.0,November,115.67440082617766,4.554110268747152,2000-11-01
971,971,2000.0,December,27.467297537086985,1.0813896668144485,2000-12-01
972,972,2001.0,January,26.59858003875913,1.047188190502328,2001-01-01
973,973,2001.0,February,83.2590132718961,3.277913908342366,2001-02-01
974,974,2001.0,March,91.78792041575414,3.613697654163549,2001-03-01
975,975,2001.0,April,131.8733567909376,5.191864440588095,2001-04-01
976,976,2001.0,May,53.622752827300125,2.1111320010748083,2001-05-01
977,977,2001.0,June,80.78345832598986,3.180451115196451,2001-06-01
978,978,2001.0,July,49.25053265814245,1.938997348745766,2001-07-01
979,979,2001.0,August,51.18768752961469,2.015263288567508,2001-08-01
980,980,2001.0,September,60.72915894322141,2.390911769418166,2001-09-01
981,981,2001.0,October,113.55481489734537,4.470662003832495,2001-10-01
982,982,2001.0,November,148.06684451131426,5.829403327217097,2001-11-01
983,983,2001.0,December,108.74578992854914,4.281330312147604,2001-12-01
984,984,2002.0,January,252.53463411049023,9.94230842954686,2002-01-01
985,985,2002.0,February,109.95138852271808,4.3287948237290585,2002-02-01
986,986,2002.0,March,84.61404653695914,3.331261674683431,2002-03-01
987,987,2002.0,April,45.74386492847691,1.8009395641132642,2002-04-01
988,988,2002.0,May,152.1977006359213,5.992035458107138,2002-05-01
989,989,2002.0,June,41.29534127726357,1.6258008376875424,2002-06-01
990,990,2002.0,July,55.08602149105637,2.168741003584896,2002-07-01
991,991,2002.0,August,45.67452611302483,1.7982096894891668,2002-08-01
992,992,2002.0,September,33.46944391939061,1.3176946424956937,2002-09-01
993,993,2002.0,October,125.29687468398956,4.932947822204314,2002-10-01
994,994,2002.0,November,76.11031659820377,2.996469157409597,2002-11-01
995,995,2002.0,December,32.25779899055436,1.2699920862422975,2002-12-01
996,996,2003.0,January,66.83721158631455,2.63138628292577,2003-01-01
997,997,2003.0,February,95.74805757421008,3.769608565913783,2003-02-01
998,998,2003.0,March,104.90396953334468,4.130077540682862,2003-03-01
999,999,2003.0,April,108.92124449148686,4.288237972105782,2003-04-01
1000,1000,2003.0,May,16.504079169775608,0.6497668964478586,2003-05-01
1001,1001,2003.0,June,59.097330510969,2.3266665555499606,2003-06-01
1002,1002,2003.0,July,52.43755065195659,2.064470498108528,2003-07-01
1003,1003,2003.0,August,25.343082185327653,0.997759141154632,2003-08-01
1004,1004,2003.0,September,42.59962655242378,1.6771506516702277,2003-09-01
1005,1005,2003.0,October,69.00946155525523,2.716907935246269,2003-10-01
1006,1006,2003.0,November,138.61276534041005,5.457195485842916,2003-11-01
1007,1007,2003.0,December,333.00879709819367,13.110582562921012,2003-12-01
1008,1008,2004.0,January,271.8441256912502,10.70252463351379,2004-01-01
1009,1009,2004.0,February,230.9747127555532,9.093492628171385,2004-02-01
1010,1010,2004.0,March,146.46272381664028,5.766248969159066,2004-03-01
1011,1011,2004.0,April,80.84775509354631,3.182982483997886,2004-04-01
1012,1012,2004.0,May,112.9239620682756,4.445825278278567,2004-05-01
1013,1013,2004.0,June,85.82605646347858,3.378978600924354,2004-06-01
1014,1014,2004.0,July,57.07742688782822,2.247142790859378,2004-07-01
1015,1015,2004.0,August,204.2007304535815,8.039398836755177,2004-08-01
1016,1016,2004.0,September,93.49562047924516,3.680929940127762,2004-09-01
1017,1017,2004.0,October,129.89944661157372,5.114151441400541,2004-10-01
1018,1018,2004.0,November,254.58773442556168,10.023139150612666,2004-11-01
1019,1019,2004.0,December,172.59600866193605,6.795118451257324,2004-12-01
1020,1020,2005.0,January,222.1536005686021,8.746204746795357,2005-01-01
1021,1021,2005.0,February,117.77396537284174,4.63677029026936,2005-02-01
1022,1022,2005.0,March,94.5519537389631,3.722517863738705,2005-03-01
1023,1023,2005.0,April,69.88955945799337,2.751557458976117,2005-04-01
1024,1024,2005.0,May,62.87834720498712,2.475525480511304,2005-05-01
1025,1025,2005.0,June,73.46428870026176,2.892294830718967,2005-06-01
1026,1026,2005.0,July,90.53615229228544,3.5644154445781675,2005-07-01
1027,1027,2005.0,August,35.84723396978435,1.411308424007258,2005-08-01
1028,1028,2005.0,September,155.75469347711146,6.132074546342971,2005-09-01
1029,1029,2005.0,October,242.32818621573364,9.54047977227298,2005-10-01
1030,1030,2005.0,November,124.7560250998954,4.911654531491946,2005-11-01
1031,1031,2005.0,December,22.28648911425348,0.877420831269822,2005-12-01
1032,1032,2006.0,January,149.2961162589711,5.877799852715397,2006-01-01
1033,1033,2006.0,February,71.95825547438402,2.833002184030867,2006-02-01
1034,1034,2006.0,March,543.8072659644855,21.409734880491555,2006-03-01
1035,1035,2006.0,April,82.78397495788936,3.259211612515329,2006-04-01
1036,1036,2006.0,May,80.05236620028343,3.15166796064108,2006-05-01
1037,1037,2006.0,June,27.28111016538721,1.0740594553302054,2006-06-01
1038,1038,2006.0,July,38.76644032946705,1.5262378082467345,2006-07-01
1039,1039,2006.0,August,31.213925559139817,1.2288947070527487,2006-08-01
1040,1040,2006.0,September,83.69887292173487,3.295231217391137,2006-09-01
1041,1041,2006.0,October,97.09457663812582,3.822621127485269,2006-10-01
1042,1042,2006.0,November,118.45667262331268,4.663648528476878,2006-11-01
1043,1043,2006.0,December,47.47872264568623,1.869241049042765,2006-12-01
1044,1044,2007.0,January,60.687122931847206,2.3892568083404413,2007-01-01
1045,1045,2007.0,February,85.69993929891191,3.374013358224879,2007-02-01
1046,1046,2007.0,March,93.52663796328936,3.682151100916904,2007-03-01
1047,1047,2007.0,April,83.50031513010961,3.2874139815003787,2007-04-01
1048,1048,2007.0,May,34.751140741201546,1.3681551472913995,2007-05-01
1049,1049,2007.0,June,58.59649028439494,2.3069484363935016,2007-06-01
1050,1050,2007.0,July,76.87004073554948,3.0263795565176963,2007-07-01
1051,1051,2007.0,August,60.451668993255794,2.379986968238417,2007-08-01
1052,1052,2007.0,September,64.18140331245738,2.526826902065251,2007-09-01
1053,1053,2007.0,October,114.4612821770843,4.506349692011193,2007-10-01
1054,1054,2007.0,November,248.7277030267659,9.79242925302228,2007-11-01
1055,1055,2007.0,December,266.51331379004483,10.492650149214365,2007-12-01
1056,1056,2008.0,January,117.45202727007442,4.624095561813954,2008-01-01
1057,1057,2008.0,February,153.00131243643676,6.023673717969952,2008-02-01
1058,1058,2008.0,March,24.914247106518264,0.9808758703353648,2008-03-01
1059,1059,2008.0,April,71.68264027883315,2.822151192080045,2008-04-01
1060,1060,2008.0,May,67.2678936839809,2.6483422710228703,2008-05-01
1061,1061,2008.0,June,48.7760022406042,1.9203150488426848,2008-06-01
1062,1062,2008.0,July,72.15629909447664,2.840799176947899,2008-07-01
1063,1063,2008.0,August,64.2453147165874,2.529343099078244,2008-08-01
1064,1064,2008.0,September,66.52664696958644,2.619159329511277,2008-09-01
1065,1065,2008.0,October,77.79017587244158,3.062605349308724,2008-10-01
1066,1066,2008.0,November,110.09656181561172,4.334510307701248,2008-11-01
1067,1067,2008.0,December,393.4718609871949,15.49101814910216,2008-12-01
1068,1068,2009.0,January,98.6199555707401,3.882675416170872,2009-01-01
1069,1069,2009.0,February,97.48456803722496,3.8379751195757854,2009-02-01
1070,1070,2009.0,March,162.8275462043356,6.410533315131323,2009-03-01
1071,1071,2009.0,April,55.20503216805543,2.173426463309269,2009-04-01
1072,1072,2009.0,May,17.542498419270714,0.6906495440657762,2009-05-01
1073,1073,2009.0,June,40.743630832468966,1.6040799540342114,2009-06-01
1074,1074,2009.0,July,62.37039998297156,2.455527558384707,2009-07-01
1075,1075,2009.0,August,54.97971101343279,2.1645555517099524,2009-08-01
1076,1076,2009.0,September,34.26945136707916,1.349190998703904,2009-09-01
1077,1077,2009.0,October,76.26483926265198,3.002552726876062,2009-10-01
1078,1078,2009.0,November,166.22665667110647,6.544356561854586,2009-11-01
1079,1079,2009.0,December,52.55104493812696,2.068938777091613,2009-12-01
1080,1080,2010.0,January,48.34941195877346,1.9035201558572228,2010-01-01
1081,1081,2010.0,February,43.46554380337867,1.7112418820227824,2010-02-01
1082,1082,2010.0,March,111.79281119623128,4.401291779379185,2010-03-01
1083,1083,2010.0,April,147.65832727195243,5.813319971336711,2010-04-01
1084,1084,2010.0,May,83.7720494693553,3.298112183832886,2010-05-01
1085,1085,2010.0,June,35.5289426160282,1.3987772683475668,2010-06-01
1086,1086,2010.0,July,74.6483834847896,2.938912735621638,2010-07-01
1087,1087,2010.0,August,58.192774326843626,2.2910541073560484,2010-08-01
1088,1088,2010.0,September,53.09982172271909,2.0905441623117755,2010-09-01
1089,1089,2010.0,October,81.54000603941066,3.210236458244514,2010-10-01
1090,1090,2010.0,November,110.64546063665809,4.356120497506224,2010-11-01
1091,1091,2010.0,December,377.8582915356879,14.876310690381414,2010-12-01
1092,1092,2011.0,January,151.00305794258796,5.945002281204251,2011-01-01
1093,1093,2011.0,February,119.38309383956638,4.700121804707338,2011-02-01
1094,1094,2011.0,March,107.87529754638672,4.247058958519163,2011-03-01
1095,1095,2011.0,April,146.94024743977383,5.78504911180212,2011-04-01
1096,1096,2011.0,May,188.6331972201195,7.426503827563761,2011-05-01
1097,1097,2011.0,June,175.87054619422327,6.9240372517410735,2011-06-01
1098,1098,2011.0,July,89.97424740763105,3.542293205024845,2011-07-01
1099,1099,2011.0,August,51.59974493218597,2.031486020952204,2011-08-01
1100,1100,2011.0,September,25.72147820828229,1.0126566223733184,2011-09-01
1101,1101,2011.0,October,69.660917609401,2.74255581139374,2011-10-01
1102,1102,2011.0,November,121.45842864809656,4.781827899531361,2011-11-01
1103,1103,2011.0,December,221.73687211437337,8.72979811473911,2011-12-01
1104,1104,2012.0,January,20.61994747297298,0.8118089556288576,2012-01-01
1105,1105,2012.0,February,79.2459337358644,3.1199186510182835,2012-02-01
1106,1106,2012.0,March,289.23698344033147,11.387282812611476,2012-03-01
1107,1107,2012.0,April,89.71117915768595,3.5319361873104707,2012-04-01
1108,1108,2012.0,May,57.5863782442533,2.2671802458367445,2012-05-01
1109,1109,2012.0,June,56.01850113501916,2.205452800591305,2012-06-01
1110,1110,2012.0,July,66.87863055347691,2.633016950924288,2012-07-01
1111,1111,2012.0,August,60.08677770400188,2.365621169448893,2012-08-01
1112,1112,2012.0,September,106.99609137992182,4.212444542516607,2012-09-01
1113,1113,2012.0,October,33.27844119777341,1.31017485030604,2012-10-01
1114,1114,2012.0,November,48.92139804998093,1.926039293306336,2012-11-01
1115,1115,2012.0,December,68.17038943499503,2.683873599802954,2012-12-01
1116,1116,2013.0,January,206.18529370550573,8.117531248248257,2013-01-01
1117,1117,2013.0,February,149.64250074759036,5.891437037306708,2013-02-01
1118,1118,2013.0,March,118.34883068017,4.659402782683858,2013-03-01
1119,1119,2013.0,April,85.49255158915322,3.365848487761938,2013-04-01
1120,1120,2013.0,May,95.72570080728926,3.768728378239735,2013-05-01
1121,1121,2013.0,June,84.44658843723275,3.3246688361115257,2013-06-01
1122,1122,2013.0,July,68.27857266939603,2.6881327822596863,2013-07-01
1123,1123,2013.0,August,32.656121406329454,1.285674071115333,2013-08-01
1124,1124,2013.0,September,81.40273623494707,3.204832135234137,2013-09-01
1125,1125,2013.0,October,44.38307495794353,1.7473651558245484,2013-10-01
1126,1126,2013.0,November,149.67542086268318,5.892733104830047,2013-11-01
1127,1127,2013.0,December,137.74903594248394,5.423190391436376,2013-12-01
1128,1128,2014.0,January,121.04161938548792,4.765418086042832,2014-01-01
1129,1129,2014.0,February,77.4788504606168,3.0503484433313703,2014-02-01
1130,1130,2014.0,March,150.69422217374722,5.9328433926672135,2014-03-01
1131,1131,2014.0,April,113.80405457626432,4.480474589616707,2014-04-01
1132,1132,2014.0,May,135.42342083270734,5.331630741445171,2014-05-01
1133,1133,2014.0,June,96.8072763928295,3.811310094205886,2014-06-01
1134,1134,2014.0,July,130.1265593985834,5.123092889708008,2014-07-01
1135,1135,2014.0,August,69.88537209414872,2.75139260213184,2014-08-01
1136,1136,2014.0,September,53.95738793548042,2.1243066116330875,2014-09-01
1137,1137,2014.0,October,216.5694126828888,8.526354830034991,2014-10-01
1138,1138,2014.0,November,58.990047770844406,2.322442825623796,2014-11-01
1139,1139,2014.0,December,88.79530020719449,3.495877960913169,2014-12-01
1140,1140,2015.0,January,32.24753466724644,1.2695879790254505,2015-01-01
1141,1141,2015.0,February,45.054022568922775,1.773780416099322,2015-02-01
1142,1142,2015.0,March,51.18250758831318,2.0150593538705976,2015-03-01
1143,1143,2015.0,April,90.34266673883742,3.556797903103836,2015-04-01
1144,1144,2015.0,May,78.18398625751924,3.0781096951779228,2015-05-01
1145,1145,2015.0,June,40.92642855220998,1.6112767146539362,2015-06-01
1146,1146,2015.0,July,69.73713092691094,2.745556335705156,2015-07-01
1147,1147,2015.0,August,184.22135591224807,7.252809287883783,2015-08-01
1148,1148,2015.0,September,241.69654358632465,9.515611952217506,2015-09-01
1149,1149,2015.0,October,93.38665897888544,3.676640117278955,2015-10-01
1150,1150,2015.0,November,305.4081557234363,12.023943138717966,2015-11-01
1151,1151,2015.0,December,121.3142372447358,4.776151072627394,2015-12-01
1152,1152,2016.0,January,11.611271308018612,0.4571366656700241,2016-01-01
1153,1153,2016.0,February,30.076596796159915,1.184117984100784,2016-02-01
1154,1154,2016.0,March,19.61263938768376,0.7721511569954236,2016-03-01
1155,1155,2016.0,April,74.02773129164115,2.914477609907132,2016-04-01
1156,1156,2016.0,May,84.0743079326562,3.310012123332921,2016-05-01
1157,1157,2016.0,June,100.29252710285976,3.948524689088967,2016-06-01
1158,1158,2016.0,July,234.8969378951033,9.2479109407521,2016-07-01
1159,1159,2016.0,August,140.5616603151581,5.533923634455044,2016-08-01
1160,1160,2016.0,September,137.15894046760874,5.399958286126329,2016-09-01
1161,1161,2016.0,October,90.5342420318423,3.564340237474106,2016-10-01
1162,1162,2016.0,November,109.38605873965652,4.30653774565577,2016-11-01
1163,1163,2016.0,December,113.02009930130998,4.449610208712992,2016-12-01
1164,1164,2017.0,January,28.34347893077241,1.1158849972745044,2017-01-01
1165,1165,2017.0,February,132.86865238889433,5.231049306649384,2017-02-01
1166,1166,2017.0,March,96.31068271433811,3.791759161981816,2017-03-01
1167,1167,2017.0,April,163.7687391924435,6.447588157182815,2017-04-01
1168,1168,2017.0,May,101.06104497514532,3.978781298234068,2017-05-01
1169,1169,2017.0,June,35.324060801218245,1.3907110551660726,2017-06-01
1170,1170,2017.0,July,60.08689978560047,2.3656259758110423,2017-07-01
1171,1171,2017.0,August,44.06672082709137,1.734910268783125,2017-08-01
1172,1172,2017.0,September,47.33099973554442,1.8634251864387568,2017-09-01
1173,1173,2017.0,October,127.5033446091872,5.019816716897134,2017-10-01
1174,1174,2017.0,November,109.38160448243632,4.30636238119828,2017-11-01
1175,1175,2017.0,December,138.72443534354483,5.461591942659247,2017-12-01
1176,1176,2018.0,January,34.65688320588784,1.3644442207042455,2018-01-01
1177,1177,2018.0,February,169.65466137045237,6.679317376789463,2018-02-01
1178,1178,2018.0,March,103.57096808619752,4.077597168747935,2018-03-01
1179,1179,2018.0,April,154.21391675599227,6.071414045511507,2018-04-01
1180,1180,2018.0,May,38.97246153114816,1.5343488791790614,2018-05-01
1181,1181,2018.0,June,69.53680287874661,2.737669404675064,2018-06-01
1182,1182,2018.0,July,58.03872040742953,2.2849889924184854,2018-07-01
1183,1183,2018.0,August,186.9805305977545,7.36143821251002,2018-08-01
1184,1184,2018.0,September,205.30815810705784,8.082998350671568,2018-09-01
1185,1185,2018.0,October,199.8835025764781,7.869429235294414,2018-10-01
1186,1186,2018.0,November,94.66435860176765,3.726943252038096,2018-11-01
1187,1187,2018.0,December,112.0091908471824,4.409810663274898,2018-12-01
1188,1188,2019.0,January,45.17518817743606,1.7785507156470892,2019-01-01
1189,1189,2019.0,February,150.89455007519243,5.940730317920962,2019-02-01
1190,1190,2019.0,March,40.22789015008148,1.5837752027591134,2019-03-01
1191,1191,2019.0,April,78.23961002869014,3.0802996074287456,2019-04-01
1192,1192,2019.0,May,33.1463487613836,1.3049743606843938,2019-05-01
1193,1193,2019.0,June,152.7625953629172,6.014275407988867,2019-06-01
1194,1194,2019.0,July,56.11088162484253,2.209089827749706,2019-07-01
1195,1195,2019.0,August,32.67822176464916,1.2865441639625654,2019-08-01
1196,1196,2019.0,September,130.973585365792,5.156440368731968,2019-09-01
1197,1197,2019.0,October,132.09632241514308,5.2006426147694125,2019-10-01
1198,1198,2019.0,November,66.2625438757902,2.608761569913,2019-11-01
1199,1199,2019.0,December,177.59746592143583,6.992026217379364,2019-12-01
1200,1200,2020.0,January,304.87312542616263,12.002878953785933,2020-01-01
1201,1201,2020.0,February,85.51349752753444,3.3666731310052933,2020-02-01
1202,1202,2020.0,March,241.3183161267162,9.500721107351032,2020-03-01
1203,1203,2020.0,April,83.8152923809706,3.299814660668134,2020-04-01
1204,1204,2020.0,May,41.19389825177616,1.6218070177864632,2020-05-01
1205,1205,2020.0,June,32.850943808019515,1.2933442444102172,2020-06-01
1206,1206,2020.0,July,75.39982015846749,2.9684968566325787,2020-07-01
1207,1207,2020.0,August,37.99268661589312,1.4957750636178395,2020-08-01
1208,1208,2020.0,September,22.78789488662629,0.8971612160089093,2020-09-01
1209,1209,2020.0,October,74.06954570070526,2.916123846484459,2020-10-01
1210,1210,2020.0,November,88.7941567234739,3.495832941869052,2020-11-01
1211,1211,2020.0,December,77.36333192452877,3.045800469469637,2020-12-01
1212,1212,2021.0,January,194.75796102489943,7.667636260822814,2021-01-01
1213,1213,2021.0,February,124.55388451751168,4.903696240846917,2021-02-01
1214,1214,2021.0,March,344.294973881287,13.554920231546731,2021-03-01
1215,1215,2021.0,April,41.1204439422788,1.618915115837748,2021-04-01
1216,1216,2021.0,May,33.214155705017454,1.307643925394388,2021-05-01
1217,1217,2021.0,June,37.587454338750895,1.4798210369586968,2021-06-01
1218,1218,2021.0,July,57.65948495356994,2.2700584627389744,2021-07-01
1219,1219,2021.0,August,63.91135589328744,2.5161951139089545,2021-08-01
1220,1220,2021.0,September,66.37362011790981,2.61313465031141,2021-09-01
1221,1221,2021.0,October,47.53625317861343,1.871506030654072,2021-10-01
1222,1222,2021.0,November,31.29139686900483,1.2319447586222376,2021-11-01
1223,1223,2021.0,December,492.33636474609375,19.38332144669661,2021-12-01
1224,1224,2022.0,January,168.22495811507548,6.6230298470502165,2022-01-01
1225,1225,2022.0,February,18.63893568727392,0.7338163656407055,2022-02-01
1226,1226,2022.0,March,36.04278548652604,1.4190073026191354,2022-03-01
1227,1227,2022.0,April,50.47115174694174,1.9870532183835328,2022-04-01
1228,1228,2022.0,May,36.77177362611308,1.4477076230753183,2022-05-01
1229,1229,2022.0,June,23.2922678332357,0.9170184186313268,2022-06-01
