,date,RF_in_scale_3,RF_in_scale_3_calculated_index
0,1920-01-01,,
1,1920-02-01,,
2,1920-03-01,28.45803334064165,0.6728070955908563
3,1920-04-01,25.929271627667543,0.5708996200382344
4,1920-05-01,25.61128012571267,0.6512026856121431
5,1920-06-01,7.771244090281546,-1.4083414607451648
6,1920-07-01,10.132442485903834,-1.0502358877447593
7,1920-08-01,12.873921569258645,-0.28792892671648485
8,1920-09-01,15.17809155396223,-0.13156268827131187
9,1920-10-01,17.00888239584158,0.12395873335339169
10,1920-11-01,19.1067406182008,0.128703328777556
11,1920-12-01,23.500932265271242,0.48473846463410963
12,1921-01-01,38.15929019796842,1.499134299008614
13,1921-02-01,33.12315531053538,1.1812778887023518
14,1921-03-01,30.026383663702774,0.8023856180325393
15,1921-04-01,14.082669857392185,-0.8301202618819133
16,1921-05-01,15.910863218825819,-0.5353585823983007
17,1921-06-01,11.588462557974902,-0.5916186740154996
18,1921-07-01,12.932739722103722,-0.3173889239208686
19,1921-08-01,13.513273516977867,-0.1368623414003153
20,1921-09-01,16.549660878834395,0.12465809873095968
21,1921-10-01,15.030949680320312,-0.22736815712357492
22,1921-11-01,22.91913492610456,0.6666654511050824
23,1921-12-01,30.909713990907655,1.369597396251358
24,1922-01-01,52.44641612994138,2.447950728630433
25,1922-02-01,48.86496756524163,2.2383035885179456
26,1922-03-01,46.072802498767814,1.9301312522789027
27,1922-04-01,23.395445689785063,0.31471346504726044
28,1922-05-01,18.789134037478632,-0.1418747768163846
29,1922-06-01,10.946913396462795,-0.7142203277155933
30,1922-07-01,9.39912229347119,-1.2647426218405013
31,1922-08-01,9.361000863242477,-1.224640424815016
32,1922-09-01,12.590783903826354,-0.6609524442432345
33,1922-10-01,18.66597987512538,0.39784670470710404
34,1922-11-01,24.57399560229802,0.881835964181611
35,1922-12-01,21.369710004281604,0.1967114875699865
36,1923-01-01,34.95224064408829,1.2561165836409356
37,1923-02-01,32.76980370414768,1.154190633259244
38,1923-03-01,37.96872671767254,1.398933290514434
39,1923-04-01,27.950775328904122,0.7637088332398438
40,1923-05-01,23.595909080556652,0.4332398712061242
41,1923-06-01,18.809184086673064,0.5474340406687004
42,1923-07-01,10.994389773743016,-0.811349019303106
43,1923-08-01,11.237499979926502,-0.6991834979108227
44,1923-09-01,16.34701349512272,0.087718960151801
45,1923-10-01,20.858028676337238,0.7364798158220391
46,1923-11-01,23.885205252193,0.7934657276803196
47,1923-12-01,34.213016279970404,1.7197515726506714
48,1924-01-01,27.562904560293507,0.6353335139874835
49,1924-02-01,28.361794657823516,0.7991901175549386
50,1924-03-01,14.023329767037062,-0.836174113338585
51,1924-04-01,26.416161839188646,0.6182152642247212
52,1924-05-01,26.34501746228773,0.7277527729996932
53,1924-06-01,25.141532111126697,1.3250086421118288
54,1924-07-01,18.135587612772618,0.799931682332644
55,1924-08-01,15.270952776386341,0.2551820344766318
56,1924-09-01,21.69807729506781,0.976887736026083
57,1924-10-01,24.027127827658454,1.1870866998115446
58,1924-11-01,25.0169441771869,0.9378140216014116
59,1924-12-01,20.227017214917762,0.034351994129293795
60,1925-01-01,15.38304628555711,-0.6932420723881944
61,1925-02-01,14.589363910974686,-0.6276251469906847
62,1925-03-01,20.316642300052838,-0.08920479175618186
63,1925-04-01,22.37164812763845,0.20598635846517
64,1925-05-01,22.536282459696405,0.3136826575442044
65,1925-06-01,17.811752884910415,0.4099526839525077
66,1925-07-01,15.144014299911756,0.18848288974183278
67,1925-08-01,16.693476163564867,0.5510228381012481
68,1925-09-01,17.455557492957457,0.2862036007253974
69,1925-10-01,18.821125100115477,0.422650830803985
70,1925-11-01,19.942982810826138,0.2524103233731808
71,1925-12-01,17.917852517119385,-0.3135290493043806
72,1926-01-01,16.169039435228232,-0.5892589279404358
73,1926-02-01,12.531498413935765,-0.9133492864658682
74,1926-03-01,9.683811607346188,-1.5023717485967978
75,1926-04-01,10.111851999895665,-1.4852252811711781
76,1926-05-01,8.968752152589637,-1.7465848437900955
77,1926-06-01,12.489557890784885,-0.4270324141916259
78,1926-07-01,12.23213461188545,-0.489733047769056
79,1926-08-01,15.620261571996611,0.32946356909200347
80,1926-09-01,16.075410758645425,0.03772802988698128
81,1926-10-01,16.87936078982411,0.10181579508939406
82,1926-11-01,16.56638105885869,-0.2708607056143253
83,1926-12-01,15.488014620463542,-0.7140386618830762
84,1927-01-01,22.281409896035925,0.12092515911195158
85,1927-02-01,20.171267207442213,0.028695780641098022
86,1927-03-01,21.898659137793963,0.07300121796818984
87,1927-04-01,29.766773456846757,0.9292934361501302
88,1927-05-01,34.19477224304188,1.4714652002908648
89,1927-06-01,31.719149526717324,2.008596950897085
90,1927-07-01,18.03646000465963,0.7807815266864364
91,1927-08-01,16.354930182439205,0.48217509229479477
92,1927-09-01,21.040914404385376,0.8760891001342911
93,1927-10-01,19.0768402799984,0.46324050410290435
94,1927-11-01,21.369204842611584,0.4556803398752091
95,1927-12-01,33.2688688311532,1.6219711476470433
96,1928-01-01,35.81978314573531,1.3232183138613716
97,1928-02-01,31.978123283715902,1.092812212148393
98,1928-03-01,15.14578511762097,-0.6880977078674364
99,1928-04-01,18.00790402123217,-0.29897485412498204
100,1928-05-01,19.38433285796164,-0.06568203697128076
101,1928-06-01,20.07417569674204,0.715065972123615
102,1928-07-01,19.26807454480808,1.0140077528240472
103,1928-08-01,18.342883381295028,0.8739302165215641
104,1928-09-01,20.29395125066568,0.7589866671322257
105,1928-10-01,16.352054492649337,0.010478209740476445
106,1928-11-01,16.1036513866837,-0.34800528390927177
107,1928-12-01,19.759909642825594,-0.033781601276823815
108,1929-01-01,23.703367716065976,0.266738599923778
109,1929-02-01,33.54575136103007,1.2134305690439136
110,1929-03-01,29.97658883950659,0.798340266102027
111,1929-04-01,26.442494135065964,0.6207578422590991
112,1929-05-01,16.08071389114969,-0.5108526773447633
113,1929-06-01,12.27010530406233,-0.4663491219152403
114,1929-07-01,13.380428703957195,-0.21053592030356674
115,1929-08-01,14.803610168539082,0.15401338280314159
116,1929-09-01,16.529584270716857,0.12101198449789329
117,1929-10-01,15.000516782686992,-0.23300982774469045
118,1929-11-01,23.356172383255114,0.724453620384387
119,1929-12-01,36.4919112890312,1.9488687679185879
120,1930-01-01,45.65235943077209,2.020232562142262
121,1930-02-01,39.62012880522023,1.6494471252160232
122,1930-03-01,32.61366143619485,1.0068464691470302
123,1930-04-01,31.54185361955591,1.0849200716253689
124,1930-05-01,28.51144950175116,0.9459486315362265
125,1930-06-01,24.57883959565622,1.261451349012197
126,1930-07-01,18.452173802269748,0.8606366061685627
127,1930-08-01,18.21876069096931,0.8503096754979168
128,1930-09-01,20.47161246985283,0.787091218946382
129,1930-10-01,19.928883031849125,0.5959494918168627
130,1930-11-01,30.658934182756255,1.6004975289101153
131,1930-12-01,26.763562537072968,0.8940236803542955
132,1931-01-01,22.650765934946534,0.15938280069840782
133,1931-02-01,11.290641344736011,-1.1018159436088593
134,1931-03-01,9.581559693856825,-1.520432454783424
135,1931-04-01,18.049811774763562,-0.2937526979380025
136,1931-05-01,19.175157916964828,-0.0922774262999713
137,1931-06-01,18.89158482420621,0.5585749745871801
138,1931-07-01,16.99052660300861,0.5743745867808878
139,1931-08-01,20.184171157215662,1.2126984307365185
140,1931-09-01,29.738396420596956,2.075751411579968
141,1931-10-01,27.683703937387662,1.6614714519223552
142,1931-11-01,27.388893795581204,1.2271025213101279
143,1931-12-01,23.86509515283569,0.5322040491388927
144,1932-01-01,25.46579499425095,0.43961886791768995
145,1932-02-01,50.95032113377275,2.36127857496929
146,1932-03-01,46.10107716383988,1.9318767557007743
147,1932-04-01,49.07802114748603,2.3862109915923013
148,1932-05-01,26.563084930015524,0.7502340541302804
149,1932-06-01,26.119499569184637,1.4333354614847285
150,1932-07-01,22.049619302150727,1.5071615424308584
151,1932-08-01,14.331766296673901,0.04968881558385002
152,1932-09-01,17.47086258843006,0.2888845015962216
153,1932-10-01,13.712256878288187,-0.4792759960416913
154,1932-11-01,13.990138205727346,-0.7208899038481963
155,1932-12-01,11.968704417408006,-1.379044170401648
156,1933-01-01,17.450060028477644,-0.4269719163425019
157,1933-02-01,20.120888371739575,0.02336174499113538
158,1933-03-01,26.9729774845798,0.5457296437659993
159,1933-04-01,25.506496938606908,0.5293388273985384
160,1933-05-01,21.240878522750947,0.16234491392283204
161,1933-06-01,12.489320732293992,-0.4270746480489154
162,1933-07-01,8.697835065271338,-1.4810101093814225
163,1933-08-01,8.397249855875213,-1.5233096728615851
164,1933-09-01,8.63224487330329,-1.6398250299529233
165,1933-10-01,7.053542296488546,-2.103744753183764
166,1933-11-01,8.914863868663563,-1.8114389520019896
167,1933-12-01,15.432767229756031,-0.7236274557588642
168,1934-01-01,18.72141264806857,-0.27375187315105015
169,1934-02-01,19.289162879212704,-0.06602576226114248
170,1934-03-01,14.11428460878856,-0.8238755703769424
171,1934-04-01,17.85252298392099,-0.318409208333603
172,1934-05-01,26.170405321394114,0.709663521887627
173,1934-06-01,28.480573111677526,1.684598965411991
174,1934-07-01,25.28916735875302,2.0333129647519175
175,1934-08-01,15.224056947201529,0.2451239081223558
176,1934-09-01,16.467209232272445,0.10966517878560171
177,1934-10-01,18.358631743930545,0.3483031374276824
178,1934-11-01,23.591079089196054,0.7552221152136405
179,1934-12-01,24.571082062242308,0.6228815225146304
180,1935-01-01,25.409830030013072,0.4342528871351831
181,1935-02-01,31.50123256260634,1.05536540929003
182,1935-03-01,32.08773820121389,0.9661606430775471
183,1935-04-01,27.942382993088223,0.7629275618080892
184,1935-05-01,17.931965547169334,-0.2545135993226751
185,1935-06-01,14.985404469721008,-0.009681814197779194
186,1935-07-01,14.7862773127489,0.1101571547669228
187,1935-08-01,14.153355009981189,0.009645072891546523
188,1935-09-01,12.899339530114046,-0.5941534641811934
189,1935-10-01,15.23156990079109,-0.19036821750820246
190,1935-11-01,20.851978527645656,0.3830320167574376
191,1935-12-01,17.61617040093856,-0.3611679664909595
192,1936-01-01,16.78499210537888,-0.5101700332013277
193,1936-02-01,10.279464872780382,-1.2664941598736101
194,1936-03-01,19.10699394538166,-0.21906483508683666
195,1936-04-01,21.27085909359007,0.08532249901764447
196,1936-05-01,26.12745132285115,0.7052015283840777
197,1936-06-01,20.80361073960813,0.8086017493954495
198,1936-07-01,19.375611747183452,1.0339041125426345
199,1936-08-01,16.931482549132188,0.5988752520608359
200,1936-09-01,21.25986637527938,0.9098982657302542
201,1936-10-01,21.449159897287224,0.8237618414537141
202,1936-11-01,22.97268664010409,0.6737850862488234
203,1936-12-01,22.127799485955517,0.30125949360053283
204,1937-01-01,26.38628396462268,0.5267819366565346
205,1937-02-01,29.511990859454947,0.895084301298942
206,1937-03-01,35.92308722463615,1.25362667539285
207,1937-04-01,40.71785155930582,1.8107349305744063
208,1937-05-01,38.70631845619666,1.8499432868217445
209,1937-06-01,25.860018311660443,1.4048502118211597
210,1937-07-01,20.0536857320728,1.1577333335999072
211,1937-08-01,21.11636672249815,1.3765823574482388
212,1937-09-01,24.876703621674025,1.4383308962570676
213,1937-10-01,22.785070311984242,1.0153813185002085
214,1937-11-01,20.39132070422333,0.3173184168450552
215,1937-12-01,26.763394386726674,0.8940034533013445
216,1938-01-01,26.250318201576793,0.5140344952788704
217,1938-02-01,23.637605558688065,0.3761766161776341
218,1938-03-01,19.91620686499748,-0.131600796286732
219,1938-04-01,23.74429099638082,0.35103854474778795
220,1938-05-01,32.27906825836868,1.3010850361576822
221,1938-06-01,27.478482083576484,1.5796430949829123
222,1938-07-01,20.246860000664565,1.192511142734598
223,1938-08-01,16.801764016786052,0.5728500279518501
224,1938-09-01,16.656392774037947,0.14399235479235625
225,1938-10-01,18.86137498050087,0.429063755837033
226,1938-11-01,14.092847922266344,-0.7019123790677504
227,1938-12-01,16.31611903523767,-0.5730307494221045
228,1939-01-01,20.259924685861183,-0.09748422346065215
229,1939-02-01,23.072405669152083,0.32194429403766905
230,1939-03-01,23.768120405425353,0.2548727079413271
231,1939-04-01,24.54780469820782,0.4333848639924376
232,1939-05-01,22.388666798383003,0.29673380939951477
233,1939-06-01,20.17091127831166,0.7275967685206908
234,1939-07-01,14.165655311568356,-0.02878074297312391
235,1939-08-01,15.282131370528315,0.2575765686136312
236,1939-09-01,16.680440889889297,0.14833721745561473
237,1939-10-01,16.579082024539296,0.05004056387016679
238,1939-11-01,18.41471864184927,0.0235728711891634
239,1939-12-01,18.48777381431033,-0.22498929858620884
240,1940-01-01,18.491006913101785,-0.3009837467505422
241,1940-02-01,15.602046170938902,-0.4971750842701673
242,1940-03-01,16.61146745266007,-0.5057327495941529
243,1940-04-01,14.604664554929284,-0.7540525344640423
244,1940-05-01,16.162304440500733,-0.49914361754206443
245,1940-06-01,11.81470468494378,-0.5494951761967501
246,1940-07-01,13.374386586496417,-0.21196189335877322
247,1940-08-01,16.211217078408012,0.4526646219452838
248,1940-09-01,24.038689354914315,1.3205671217638875
249,1940-10-01,29.390147959908987,1.869130376483254
250,1940-11-01,27.543763629026145,1.2454163198006416
251,1940-12-01,22.554530485683244,0.35906741947803494
252,1941-01-01,18.64642330064915,-0.2825898783458452
253,1941-02-01,13.592574821224549,-0.7622716470691655
254,1941-03-01,14.209988101192188,-0.8109941963906941
255,1941-04-01,11.803050537541615,-1.1874156540837095
256,1941-05-01,15.09266575032515,-0.6559814589557531
257,1941-06-01,13.343523334857025,-0.27836080918550354
258,1941-07-01,15.377175560239323,0.23887237068631892
259,1941-08-01,16.0211953353076,0.4133783419446719
260,1941-09-01,18.505904084321564,0.46668932811435315
261,1941-10-01,32.07302047900923,2.1806346586209866
262,1941-11-01,30.41696614763067,1.5737712774992838
263,1941-12-01,28.454934455896492,1.0934316469747711
264,1942-01-01,11.908499055799794,-1.203052239780477
265,1942-02-01,14.499395093740194,-0.6395124283033234
266,1942-03-01,32.023785972815006,0.9611838875629435
267,1942-04-01,37.17794810647308,1.544503583044473
268,1942-05-01,34.738916576950345,1.5187406549764069
269,1942-06-01,18.241376111254212,0.46977664187441237
270,1942-07-01,17.30455980251453,0.637203803397086
271,1942-08-01,18.878855869182594,0.974743400216925
272,1942-09-01,19.37425943627018,0.6108576614012016
273,1942-10-01,18.686443418235775,0.4011261371435967
274,1942-11-01,15.314055610028165,-0.48318308990097614
275,1942-12-01,19.374897451164493,-0.090755984104261
276,1943-01-01,20.38788479350226,-0.08323599782303728
277,1943-02-01,23.52952843415708,0.3658732479388811
278,1943-03-01,28.465205429381918,0.6734101486264558
279,1943-04-01,27.360517023070802,0.7083815454489105
280,1943-05-01,27.853490143745358,0.8808590330907551
281,1943-06-01,16.94050150410283,0.2856379765157007
282,1943-07-01,15.732490971057736,0.31469404854030963
283,1943-08-01,16.73682194697507,0.5597710587645999
284,1943-09-01,15.713141019911651,-0.029837431237366388
285,1943-10-01,14.084674350034494,-0.4065303673009807
286,1943-11-01,9.46691856472191,-1.6744039301444602
287,1943-12-01,11.67324086308869,-1.440781472972704
288,1944-01-01,10.726148984655214,-1.4002949949493453
289,1944-02-01,15.189745659239357,-0.5495630681165634
290,1944-03-01,20.04178136009069,-0.11824428456821673
291,1944-04-01,20.97934645701673,0.05267251690081251
292,1944-05-01,18.80427549090019,-0.13991650921928753
293,1944-06-01,12.378572031200246,-0.4468570708887245
294,1944-07-01,14.627098382400742,0.07489902118152456
295,1944-08-01,13.027877051197965,-0.25109885872688886
296,1944-09-01,13.28831953441019,-0.5114754393017897
297,1944-10-01,13.136023222335549,-0.5945260179675612
298,1944-11-01,17.074768961288665,-0.18776220316306894
299,1944-12-01,16.173135613854846,-0.5970234790510933
300,1945-01-01,12.877602947177234,-1.0514300381895028
301,1945-02-01,8.644768430286028,-1.5589751783725827
302,1945-03-01,11.103116573563053,-1.2646898743640231
303,1945-04-01,19.304164612112388,-0.14110402979039843
304,1945-05-01,18.8360544695194,-0.1358099337824237
305,1945-06-01,15.87628046427347,0.12788952016344105
306,1945-07-01,11.284152507690415,-0.7339295351400005
307,1945-08-01,17.603927018524757,0.731725757038985
308,1945-09-01,18.54825511783654,0.47382293029462175
309,1945-10-01,18.81606541372248,0.4218440409218382
310,1945-11-01,14.545381587046643,-0.619405997343457
311,1945-12-01,15.981166516152557,-0.6294643107961101
312,1946-01-01,24.906947995093,0.38568213264392043
313,1946-02-01,23.481686491185112,0.361302310922371
314,1946-03-01,25.69876569370998,0.43297632048214685
315,1946-04-01,17.023945935335234,-0.4240311419122564
316,1946-05-01,15.399047562364938,-0.6103008313162878
317,1946-06-01,10.723472821041707,-0.7580794261199382
318,1946-07-01,13.235544892815323,-0.24484934189423815
319,1946-08-01,14.284412033479603,0.03909294414102746
320,1946-09-01,14.880884975303687,-0.18911168599447087
321,1946-10-01,11.823346185803262,-0.8705937557097383
322,1946-11-01,16.82705077370413,-0.22804158988689008
323,1946-12-01,26.78488889444761,0.896588387197625
324,1947-01-01,27.991306564275387,0.6741008003373384
325,1947-02-01,22.662116558601706,0.2820221308478138
326,1947-03-01,16.575168470789666,-0.5101128888239302
327,1947-04-01,14.496770708213422,-0.7696195651573777
328,1947-05-01,18.29337739294268,-0.20658771341513538
329,1947-06-01,14.632404688935338,-0.06570876626666157
330,1947-07-01,14.279742666734997,-0.002939295267834155
331,1947-08-01,14.181413348311317,0.01596492563634816
332,1947-09-01,18.663756942162944,0.4932235522886923
333,1947-10-01,19.621432089910925,0.5485019118976675
334,1947-11-01,19.387639091320278,0.170652087489624
335,1947-12-01,19.24237963194946,-0.11054158611126821
336,1948-01-01,34.60835864178985,1.229222409465593
337,1948-02-01,36.31460229380246,1.417932136658071
338,1948-03-01,42.406083010473345,1.6977957197121356
339,1948-04-01,42.6950795155513,1.9530957974705627
340,1948-05-01,40.746697478407015,2.011925929654759
341,1948-06-01,29.240650843127074,1.7626527189436485
342,1948-07-01,14.848145684926697,0.12379269234176153
343,1948-08-01,14.755467995815238,0.14347161784849508
344,1948-09-01,18.462531029525596,0.45937239451866313
345,1948-10-01,18.84824064337913,0.4269720858136474
346,1948-11-01,23.18015741619699,0.7012657016749229
347,1948-12-01,27.284940617405486,0.9563465760533931
348,1949-01-01,28.81149949142841,0.747252515879958
349,1949-02-01,23.498931135306194,0.3629506163182225
350,1949-03-01,18.281568930523175,-0.3109040457570494
351,1949-04-01,14.620320203095048,-0.7518003201101826
352,1949-05-01,13.148091880149256,-0.9618940202019605
353,1949-06-01,11.478313395128575,-0.6123312102773261
354,1949-07-01,12.741201476581919,-0.3638665508143788
355,1949-08-01,12.76337952537823,-0.31455681708525035
356,1949-09-01,11.479972632759619,-0.9111282708639622
357,1949-10-01,9.336677505115144,-1.4579244485406524
358,1949-11-01,12.378852575736936,-1.031981332914467
359,1949-12-01,17.36374713098429,-0.40145404288177905
360,1950-01-01,20.23921483946278,-0.09979593140226993
361,1950-02-01,19.96700760863532,0.007013417511811271
362,1950-03-01,17.733295212466,-0.37347414537853585
363,1950-04-01,26.817651973568328,0.6568031262710753
364,1950-05-01,27.333999457596505,0.8287568982304551
365,1950-06-01,25.185268247152727,1.3299103166273172
366,1950-07-01,15.059876003305682,0.1701727364326729
367,1950-08-01,12.672857662206063,-0.33647819560399816
368,1950-09-01,14.66827337632419,-0.23075626195563947
369,1950-10-01,13.489672283716946,-0.5233964859116131
370,1950-11-01,27.282877063623022,1.2145270995684787
371,1950-12-01,34.65731165654971,1.7651681441138938
372,1951-01-01,36.15079138543159,1.3485459039631444
373,1951-02-01,24.379778747162995,0.44610310822467175
374,1951-03-01,23.470585412614664,0.2265807086590853
375,1951-04-01,20.963427371660085,0.05088083444878819
376,1951-05-01,17.71029530593524,-0.28423246167632715
377,1951-06-01,9.340808561444863,-1.0445939869230616
378,1951-07-01,11.118084418698109,-0.7781316186258161
379,1951-08-01,16.782739105209963,0.5690219724454845
380,1951-09-01,17.644311790620165,0.3191582465399265
381,1951-10-01,21.04814954149259,0.764726308884109
382,1951-11-01,19.582836789592164,0.1995647063746468
383,1951-12-01,25.55426262609557,0.7463523815693097
384,1952-01-01,25.36805675060433,0.4302425335249855
385,1952-02-01,23.17836745357203,0.3321780603170275
386,1952-03-01,21.980774496483996,0.08120303634910517
387,1952-04-01,16.660361393459116,-0.47148460096592815
388,1952-05-01,17.4231800191435,-0.32310192189125564
389,1952-06-01,13.877595724197786,-0.18863286539224053
390,1952-07-01,17.313014270935593,0.6388848906602531
391,1952-08-01,14.969974753722507,0.19026772981059095
392,1952-09-01,15.709993271949502,-0.03042904975331406
393,1952-10-01,18.701036007087943,0.40346325562595625
394,1952-11-01,25.707202196716473,1.0237731507367296
395,1952-12-01,25.346740114956745,0.7205540555527975
396,1953-01-01,17.615954011009052,-0.4065571150409675
397,1953-02-01,11.528539033043247,-1.0645957242417057
398,1953-03-01,12.813280985454744,-1.005342001319133
399,1953-04-01,13.37675798916877,-0.9361584943104192
400,1953-05-01,15.505732131915526,-0.5945406479544405
401,1953-06-01,11.76711390795488,-0.5583098363156196
402,1953-07-01,13.092349715257583,-0.27901209622006995
403,1953-08-01,10.375553727813898,-0.9324060364921235
404,1953-09-01,9.332851535737786,-1.4465918656180679
405,1953-10-01,9.07207593685244,-1.5266059013795186
406,1953-11-01,9.924379120363904,-1.565068651590662
407,1953-12-01,13.355974809482877,-1.1025743423220176
408,1954-01-01,13.297838495312034,-0.9881596594761796
409,1954-02-01,12.20498053886073,-0.9616270399913894
410,1954-03-01,18.84895830207534,-0.24748060859409501
411,1954-04-01,19.147325290103375,-0.159817125450119
412,1954-05-01,22.893323013689557,0.35437513451491603
413,1954-06-01,14.8918545266729,-0.024442737199063157
414,1954-07-01,22.071230151911088,1.510830750981067
415,1954-08-01,21.214763005086144,1.3936056302943096
416,1954-09-01,23.087012045713593,1.1835683463625486
417,1954-10-01,16.235496644807093,-0.009976276538758794
418,1954-11-01,13.840826914409822,-0.748648742257469
419,1954-12-01,21.495085425584776,0.21417021796952457
420,1955-01-01,24.843821986201913,0.3795394764783282
421,1955-02-01,33.63589688091011,1.2202554721372998
422,1955-03-01,27.425437258373698,0.5849229114002897
423,1955-04-01,25.34287723030632,0.513132607239954
424,1955-05-01,17.827370515225933,-0.2685052935142629
425,1955-06-01,12.83493092084358,-0.36609757779741575
426,1955-07-01,15.127310104509323,0.18485312305990548
427,1955-08-01,16.242096211188183,0.4590199682045889
428,1955-09-01,17.95388043167177,0.37270363963415415
429,1955-10-01,13.876890763454401,-0.446954310214527
430,1955-11-01,10.526894192469435,-1.4263493867420576
431,1955-12-01,19.28532007263929,-0.10412036871496268
432,1956-01-01,25.907735015967326,0.4817217414089757
433,1956-02-01,39.090597084211,1.6132066961491993
434,1956-03-01,31.844982548686776,0.9472351710829304
435,1956-04-01,30.105128247059774,0.9594131764675115
436,1956-05-01,21.757801499869526,0.22345162034567848
437,1956-06-01,21.98982326682663,0.9562494217669562
438,1956-07-01,20.364075192385005,1.2135088614572633
439,1956-08-01,19.754268705947915,1.1354638855196182
440,1956-09-01,16.80188378377454,0.17021526089778194
441,1956-10-01,22.231701364072165,0.9369205819093116
442,1956-11-01,19.686253387227005,0.2148050899602703
443,1956-12-01,22.611046352060477,0.3666689527898496
444,1957-01-01,17.10206197369047,-0.4702301203499927
445,1957-02-01,20.121814712398418,0.023459905312337236
446,1957-03-01,17.195942920665047,-0.43608976933543975
447,1957-04-01,19.649283469742095,-0.10028428871043205
448,1957-05-01,15.83802920100281,-0.5459217262423622
449,1957-06-01,14.930553384996648,-0.01832905710700105
450,1957-07-01,11.74584468404186,-0.6133264312236767
451,1957-08-01,19.03848323525316,1.0044066054657768
452,1957-09-01,20.140113253636496,0.7345202363408432
453,1957-10-01,19.77553990882214,0.5723454050043366
454,1957-11-01,26.363258380131654,1.1040930146741297
455,1957-12-01,34.786318067811116,1.778285636917403
456,1958-01-01,33.07817838964433,1.1074180353888088
457,1958-02-01,18.753842351439836,-0.12493771489234166
458,1958-03-01,16.58264195870961,-0.5092105384556913
459,1958-04-01,16.524575090417496,-0.4893879241174449
460,1958-05-01,17.877272986303453,-0.26182292918211597
461,1958-06-01,12.014717331357543,-0.5127124600783425
462,1958-07-01,21.531373216846262,1.4184671278629888
463,1958-08-01,29.070618002891372,2.616072390752924
464,1958-09-01,30.504692100347626,2.1700064441230937
465,1958-10-01,29.397043224852688,1.8699536610337772
466,1958-11-01,22.72040149358315,0.6401481971821789
467,1958-12-01,23.9862390807203,0.5478882344837186
468,1959-01-01,23.276196665330712,0.22356118213791465
469,1959-02-01,26.252947419578486,0.6165656752903486
470,1959-03-01,24.658392896481903,0.3381471697648709
471,1959-04-01,22.70389852492669,0.24162703942704064
472,1959-05-01,18.543281648583495,-0.17382103634906035
473,1959-06-01,16.150246720545724,0.16915611019478685
474,1959-07-01,11.054643498562303,-0.7951365545278085
475,1959-08-01,12.981584068907882,-0.26214235983914425
476,1959-09-01,16.114724933792047,0.04499889722457851
477,1959-10-01,15.01003702748686,-0.23124413031491442
478,1959-11-01,15.976171249937652,-0.3695210577012048
479,1959-12-01,16.720899827699654,-0.505874644998922
480,1960-01-01,18.61743207579501,-0.28601314696494295
481,1960-02-01,18.881047792619686,-0.11083715484471908
482,1960-03-01,26.230629799529474,0.48047820153802
483,1960-04-01,31.40296930540587,1.0729513031292652
484,1960-05-01,31.291303200572482,1.2106862552538131
485,1960-06-01,23.439830987357777,1.1298728289184705
486,1960-07-01,16.18150039439883,0.4089023636874735
487,1960-08-01,14.465065758860648,0.07939061655586037
488,1960-09-01,15.101407329294869,-0.14633828099977406
489,1960-10-01,15.96060760744205,-0.058608383978828615
490,1960-11-01,18.21911823733518,-0.006619747697859752
491,1960-12-01,18.167652311814102,-0.27449119064172184
492,1961-01-01,21.03389892006691,-0.012206015264304586
493,1961-02-01,22.927895973253932,0.3079372484141354
494,1961-03-01,21.904191131987417,0.07355440843407803
495,1961-04-01,24.4336583643196,0.4217964738183542
496,1961-05-01,19.042535825450628,-0.10924069620764283
497,1961-06-01,19.626807580416383,0.6565956698807934
498,1961-07-01,14.524187231237851,0.051967737719068624
499,1961-08-01,15.570596836339922,0.3189698792180652
500,1961-09-01,13.864387970454239,-0.39199737864032924
501,1961-10-01,19.73100844468041,0.5654681228816161
502,1961-11-01,18.631203603625472,0.05674022221219571
503,1961-12-01,19.257779503271603,-0.1082376188857468
504,1962-01-01,12.403138698990356,-1.1246243704324286
505,1962-02-01,10.107817747827834,-1.2955739754182287
506,1962-03-01,16.916653424507157,-0.4691630556826891
507,1962-04-01,16.943142291838832,-0.4345171460274204
508,1962-05-01,19.687222714659498,-0.02751068981935268
509,1962-06-01,8.923398143434255,-1.1368586137088568
510,1962-07-01,10.058077174733064,-1.0714909206616265
511,1962-08-01,8.399884076225627,-1.5224615758997169
512,1962-09-01,12.290046143170088,-0.7271422057429783
513,1962-10-01,12.321324831056181,-0.7635062918822147
514,1962-11-01,11.312143837899667,-1.2536680520726984
515,1962-12-01,12.25981888350724,-1.3192478116980113
516,1963-01-01,16.276462083131186,-0.5753189461987466
517,1963-02-01,18.725491837482675,-0.12808911713146623
518,1963-03-01,20.969600906430692,-0.021263266949805362
519,1963-04-01,22.881897883656084,0.2605786611710477
520,1963-05-01,29.83091483675682,1.073596755575485
521,1963-06-01,26.528615891097825,1.4778819770188387
522,1963-07-01,22.51972726514571,1.5864622322180097
523,1963-08-01,14.087735227918557,-0.005167878712200392
524,1963-09-01,15.279919082380808,-0.11201972540017935
525,1963-10-01,15.122298837188858,-0.21047986410627287
526,1963-11-01,17.35712147729742,-0.14232792719432505
527,1963-12-01,14.918045657872023,-0.8141126083497525
528,1964-01-01,17.031472486155685,-0.47907792208446137
529,1964-02-01,17.804733748533973,-0.2322406133125885
530,1964-03-01,21.522613263116465,0.035175837772338736
531,1964-04-01,17.099620974038704,-0.4142413741294209
532,1964-05-01,17.524035433466487,-0.30939911021953753
533,1964-06-01,13.840656033261912,-0.19476312529171158
534,1964-07-01,15.172042745945905,0.19456739890007993
535,1964-08-01,11.867757637532373,-0.5362673022792879
536,1964-09-01,15.469454988216256,-0.07587503126972145
537,1964-10-01,19.810907343012246,0.577800166966285
538,1964-11-01,26.830821706714357,1.16054767190374
539,1964-12-01,29.726467931112648,1.2383247662603725
540,1965-01-01,31.332381171366993,0.9639214713641429
541,1965-02-01,34.582052137427276,1.2911913205547147
542,1965-03-01,32.82142903998464,1.022802557265443
543,1965-04-01,27.12378629915588,0.6859725489916683
544,1965-05-01,19.118264254897316,-0.09954482288582747
545,1965-06-01,15.59853640769343,0.08556598628728188
546,1965-07-01,16.89435546952658,0.5549806031405631
547,1965-08-01,19.06163335418849,1.008695059196135
548,1965-09-01,16.422585731324673,0.10153000326327973
549,1965-10-01,18.170844552062277,0.3177615465264592
550,1965-11-01,31.057996899147124,1.6442818912732884
551,1965-12-01,39.52447545810011,2.240066263245113
552,1966-01-01,41.46003471126892,1.7360036629787425
553,1966-02-01,30.396697995116455,0.9672056877620664
554,1966-03-01,23.31078297303877,0.21128687504960939
555,1966-04-01,16.843899160377454,-0.44744279112358176
556,1966-05-01,10.469214597086284,-1.4398757715700177
557,1966-06-01,9.644428445117512,-0.9792741254341338
558,1966-07-01,10.230835762045919,-1.0222775235983146
559,1966-08-01,11.41710746395903,-0.6521364263463958
560,1966-09-01,13.092264260031442,-0.5529384195848593
561,1966-10-01,17.716853477136645,0.24304973408774502
562,1966-11-01,20.79905091445599,0.3755309978440371
563,1966-12-01,21.0142193752675,0.14683523434144047
564,1967-01-01,17.99131166690002,-0.3608441866485924
565,1967-02-01,15.062750187583191,-0.5658957975466509
566,1967-03-01,23.921087348165834,0.26932649608607656
567,1967-04-01,24.80782890722761,0.4596509403323723
568,1967-05-01,25.014498921074395,0.5878736844927457
569,1967-06-01,18.116332792791646,0.45246148750309156
570,1967-07-01,18.382856544112222,0.8474037829589468
571,1967-08-01,22.27884969899952,1.5745291713799867
572,1967-09-01,21.466691273747344,0.9416267563934322
573,1967-10-01,21.010251515012857,0.7591091283058
574,1967-11-01,24.881102545650137,0.9207160924392042
575,1967-12-01,27.621443609095195,0.9961592798295842
576,1968-01-01,29.629627595553146,0.8188774019921597
577,1968-02-01,22.409310733743165,0.2571841476513707
578,1968-03-01,31.003743349899153,0.8809181621555476
579,1968-04-01,37.19325566534488,1.5456888124979493
580,1968-05-01,36.41796776354143,1.6617026565244997
581,1968-06-01,23.001597409791415,1.078149976558362
582,1968-07-01,12.59790966143096,-0.3989462725870286
583,1968-08-01,11.188123691830652,-0.7122069965519341
584,1968-09-01,15.886379856053225,0.0026011924327183178
585,1968-10-01,16.15462040795873,-0.024226897368149085
586,1968-11-01,25.683125967894277,1.020800336718853
587,1968-12-01,28.83715316203957,1.1374197697858222
588,1969-01-01,38.45045786433242,1.5205413406839168
589,1969-02-01,44.85088356813682,1.992051264133699
590,1969-03-01,45.7004183048888,1.9070794769259327
591,1969-04-01,41.15319963927369,1.8424487021915692
592,1969-05-01,27.17147776415236,0.8123244012255825
593,1969-06-01,17.718100046868845,0.396785566885845
594,1969-07-01,16.849149460753175,0.5458391575909478
595,1969-08-01,19.55407428906293,1.0991248016645265
596,1969-09-01,25.17124087013347,1.4791134225843323
597,1969-10-01,18.838946991926527,0.4254914707799848
598,1969-11-01,15.450654615933743,-0.45946485119961594
599,1969-12-01,17.612347855594503,-0.36177511298121506
600,1970-01-01,25.764526398689718,0.4681307285630139
601,1970-02-01,24.846057181214576,0.48931939407611186
602,1970-03-01,17.636577577995723,-0.3846478778092134
603,1970-04-01,18.36289082375695,-0.25499717333519345
604,1970-05-01,20.191710764967564,0.03520222009800279
605,1970-06-01,20.60398162063767,0.7832188898057926
606,1970-07-01,16.327444389362324,0.4391502888859772
607,1970-08-01,15.05616778166208,0.208945649601719
608,1970-09-01,16.127139038926984,0.04729233237270949
609,1970-10-01,14.198559764160965,-0.3845453469415254
610,1970-11-01,27.483737138587372,1.2383259367907113
611,1970-12-01,31.851963534427522,1.4718329063964717
612,1971-01-01,48.64479010362005,2.213205943252163
613,1971-02-01,33.20985178126012,1.1878954699364046
614,1971-03-01,32.939880908462776,1.031870189316026
615,1971-04-01,22.236986643800556,0.19144086346461425
616,1971-05-01,24.01072182535371,0.4790761528635651
617,1971-06-01,16.712130058835115,0.25235436602815753
618,1971-07-01,7.958211103922502,-1.7227017302832193
619,1971-08-01,5.289509943860828,-2.6919796565480656
620,1971-09-01,8.39694586005303,-1.7071907024328348
621,1971-10-01,8.685226541621379,-1.629599039236378
622,1971-11-01,13.766728595875051,-0.7625007348703112
623,1971-12-01,14.549507742219328,-0.8802227416958761
624,1972-01-01,16.148628469664615,-0.5919147849392634
625,1972-02-01,21.962783462556665,0.21285433441278248
626,1972-03-01,21.05792574720419,-0.012182578099590563
627,1972-04-01,24.610859415044448,0.43977107108141117
628,1972-05-01,14.627159730198077,-0.726620496094897
629,1972-06-01,14.210013043795772,-0.13395605654105766
630,1972-07-01,10.483109358063551,-0.9514287097704791
631,1972-08-01,17.65903858985558,0.7424649537728717
632,1972-09-01,17.72708096842129,0.33353521694573746
633,1972-10-01,18.829349267269855,0.4239619056133782
634,1972-11-01,14.113941723768804,-0.6980266265886861
635,1972-12-01,15.248213035945424,-0.7558300721982796
636,1973-01-01,15.683307944411915,-0.6530971008698967
637,1973-02-01,15.156973770490342,-0.5537688140941218
638,1973-03-01,20.093037722686322,-0.11280870465578309
639,1973-04-01,18.333613348254474,-0.258602333530651
640,1973-05-01,20.132021333472128,0.027837353550036806
641,1973-06-01,12.356770879731949,-0.4507654791795541
642,1973-07-01,11.883708559347266,-0.5779402450073715
643,1973-08-01,8.212235733531886,-1.5833464084111697
644,1973-09-01,10.155910621432094,-1.2321314122256204
645,1973-10-01,10.964862836490164,-1.0627343623147365
646,1973-11-01,17.68046988986702,-0.09090286448133884
647,1973-12-01,17.431346837632248,-0.3906266668995659
648,1974-01-01,25.59236915871168,0.45172629560426925
649,1974-02-01,19.47577844637702,-0.045747697584926736
650,1974-03-01,21.93377942802676,0.07651160439394877
651,1974-04-01,17.63941493033449,-0.3452512830613615
652,1974-05-01,23.945681731486168,0.47192402690747354
653,1974-06-01,21.27427428611668,0.8678246063557823
654,1974-07-01,16.856194053475562,0.5472647601758884
655,1974-08-01,11.333700600937842,-0.673921174113087
656,1974-09-01,9.64194037714184,-1.36456448314675
657,1974-10-01,10.95090122673457,-1.065943620225401
658,1974-11-01,17.920810079675338,-0.05308685288786762
659,1974-12-01,20.530152109320866,0.07800704884367181
660,1975-01-01,24.384110089751353,0.3344913981262497
661,1975-02-01,25.51821775529811,0.5506877747065908
662,1975-03-01,25.133185402225685,0.3817458408165506
663,1975-04-01,19.640602593873425,-0.10130509827700575
664,1975-05-01,10.838914032011743,-1.369151371012693
665,1975-06-01,9.404643197789511,-1.0307392892514613
666,1975-07-01,10.385306638377374,-0.9787552788017759
667,1975-08-01,13.001559967955332,-0.2573737286647032
668,1975-09-01,12.42689253845715,-0.6968879615120654
669,1975-10-01,12.357845122328385,-0.7557704742024723
670,1975-11-01,13.949537675578071,-0.7284178947258176
671,1975-12-01,15.644201727776117,-0.687056500090648
672,1976-01-01,16.775716959640317,-0.5113461148044066
673,1976-02-01,16.096886057347298,-0.4355368280347575
674,1976-03-01,24.675282983283584,0.3397076202282245
675,1976-04-01,25.712059461294377,0.5496027384697512
676,1976-05-01,23.305987368532964,0.4008871003797574
677,1976-06-01,12.844134082211784,-0.364489178973482
678,1976-07-01,11.257469388970236,-0.7410016741733862
679,1976-08-01,9.664299852998713,-1.1350804055129338
680,1976-09-01,11.029128894619111,-1.0174152673061847
681,1976-10-01,11.376867345594201,-0.9692748957230845
682,1976-11-01,15.704077123015972,-0.415836209967899
683,1976-12-01,14.272771250704848,-0.9306252809693314
684,1977-01-01,9.580912837740435,-1.6066563818804875
685,1977-02-01,8.321664603493248,-1.621398560321417
686,1977-03-01,14.723389183511124,-0.7428999287545289
687,1977-04-01,29.216500506282948,0.8798305041871054
688,1977-05-01,31.402343389556183,1.2209393653499099
689,1977-06-01,26.010067192313553,1.4213444104270203
690,1977-07-01,17.728093423654755,0.7207641420443495
691,1977-08-01,13.973555161029445,-0.031053172648117616
692,1977-09-01,13.369069310051495,-0.4945187640000131
693,1977-10-01,11.324383007809294,-0.9810492424062853
694,1977-11-01,11.831648774217566,-1.143970808546905
695,1977-12-01,13.554018039677747,-1.0647560572413237
696,1978-01-01,12.329981966716504,-1.1360837407161324
697,1978-02-01,9.395895091269848,-1.4200779175984273
698,1978-03-01,13.61104957059683,-0.8926269890990587
699,1978-04-01,16.08938523119098,-0.547453416525853
700,1978-05-01,26.81727417604651,0.7762874840106093
701,1978-06-01,23.21187578695441,1.1030469585250018
702,1978-07-01,23.102561924309676,1.6833132172396095
703,1978-08-01,18.518928881682402,0.9072530773429415
704,1978-09-01,18.00783200023134,0.38197281474509515
705,1978-10-01,22.642908189721197,0.9953439945942862
706,1978-11-01,30.20550288461739,1.550302577109965
707,1978-12-01,33.829232005805615,1.6802160101655694
708,1979-01-01,45.80840334774141,2.0304882186024953
709,1979-02-01,50.376480736978834,2.327755292005757
710,1979-03-01,53.868895681435085,2.388137585566236
711,1979-04-01,37.55916325126108,1.5739281751963954
712,1979-05-01,21.286758758386693,0.16780830254731266
713,1979-06-01,15.035499747114965,-0.001802844036638624
714,1979-07-01,13.40775048409953,-0.20409322826789728
715,1979-08-01,13.648581469107082,-0.10551041589202137
716,1979-09-01,12.265417832707376,-0.7326114845161622
717,1979-10-01,11.373181752424143,-0.9701004980892735
718,1979-11-01,15.317128668459649,-0.4826479261308462
719,1979-12-01,20.902554834555243,0.13105252725572503
720,1980-01-01,33.0323465089778,1.1037142584234503
721,1980-02-01,32.03312386471915,1.0971077975530241
722,1980-03-01,44.28160452215417,1.818151129250223
723,1980-04-01,38.812610105335416,1.6693580576574276
724,1980-05-01,40.76067245920035,2.013017516485015
725,1980-06-01,25.04213100892697,1.31384799694177
726,1980-07-01,24.360902704568947,1.8871927192286755
727,1980-08-01,24.059320090484192,1.865220012830584
728,1980-09-01,24.144584120224245,1.3355929482864846
729,1980-10-01,19.90710678635392,0.5926047745516225
730,1980-11-01,13.761423479830773,-0.7634944346889154
731,1980-12-01,9.482925416687449,-1.9366783918484416
732,1981-01-01,5.960562375220512,-2.4067145811767663
733,1981-02-01,8.569297386676414,-1.573403788614968
734,1981-03-01,9.986271582571051,-1.4497349335637297
735,1981-04-01,13.087111999280229,-0.9807926902599803
736,1981-05-01,17.11418169804401,-0.3654218419707377
737,1981-06-01,15.575812594181352,0.08208105279880809
738,1981-07-01,13.73294987283836,-0.12807714512269303
739,1981-08-01,10.045260877556153,-1.0252946494430777
740,1981-09-01,14.092787196271283,-0.3455574337948259
741,1981-10-01,20.722282990993563,0.7162085210275538
742,1981-11-01,26.705917151802595,1.1455292418627416
743,1981-12-01,27.97109177869458,1.0371941375245812
744,1982-01-01,36.89996909838803,1.4053268767879528
745,1982-02-01,32.570800543151954,1.1388526753042574
746,1982-03-01,50.72768642322241,2.2089214417083762
747,1982-04-01,42.505756090258345,1.9396469396486458
748,1982-05-01,39.818217426063434,1.9388664099531674
749,1982-06-01,18.983115765282413,0.5709129623189659
750,1982-07-01,23.1984379993466,1.6990942805460327
751,1982-08-01,27.967999470950517,2.458360310352247
752,1982-09-01,28.702574704827576,1.945861219943378
753,1982-10-01,20.14164306848688,0.6285025695193924
754,1982-11-01,16.615666672802043,-0.26273011293027043
755,1982-12-01,20.01328981515656,0.0033092110880846098
756,1983-01-01,15.526667254795758,-0.6739733115166495
757,1983-02-01,11.985383861143225,-0.9946059175497425
758,1983-03-01,5.632729315588351,-2.3604044298083133
759,1983-04-01,7.812938056936293,-1.9534075854277873
760,1983-05-01,12.673618466102731,-1.0412375739705955
761,1983-06-01,14.065455785978104,-0.15762606456479875
762,1983-07-01,15.79367470233026,0.32763519189052215
763,1983-08-01,13.440137122857374,-0.15389639135875105
764,1983-09-01,20.443375228301626,0.7826350237700175
765,1983-10-01,21.413059452570458,0.8184769675817394
766,1983-11-01,22.705328682917255,0.638130807692948
767,1983-12-01,17.496944225656357,-0.3801471332523763
768,1984-01-01,18.588137810716084,-0.28947587012406356
769,1984-02-01,19.7203329865434,-0.01937065807594256
770,1984-03-01,16.911816656509394,-0.46973909909125827
771,1984-04-01,14.581914362899187,-0.7573283368138576
772,1984-05-01,14.18131596986682,-0.7957400495942198
773,1984-06-01,13.876658200256117,-0.18878831419789233
774,1984-07-01,12.350721936182868,-0.46010036708502067
775,1984-08-01,9.579643293834605,-1.1598806234867187
776,1984-09-01,9.32691037460279,-1.4481870216682506
777,1984-10-01,6.732189786257905,-2.2061722201180656
778,1984-11-01,9.291880660993908,-1.7172258884404348
779,1984-12-01,13.081450416095354,-1.15564473878828
780,1985-01-01,15.995747788020664,-0.6118810841079987
781,1985-02-01,16.01061077751629,-0.44618924386351333
782,1985-03-01,20.353433817069885,-0.08533783034964194
783,1985-04-01,22.13171169719841,0.1800286697294685
784,1985-05-01,25.365638282355377,0.6252542980665478
785,1985-06-01,15.962505775105152,0.14092819667998363
786,1985-07-01,17.162802745953908,0.6089359566441228
787,1985-08-01,15.705559254608406,0.34743467152465585
788,1985-09-01,21.510650747587494,0.9483447493041194
789,1985-10-01,21.071246711081884,0.7681464844147843
790,1985-11-01,21.386944276484797,0.4581512647365524
791,1985-12-01,17.14414395914213,-0.4368258714770594
792,1986-01-01,15.501666382221307,-0.6773186822341717
793,1986-02-01,10.082217558620318,-1.2999410358072319
794,1986-03-01,19.41433786956689,-0.18555594989873297
795,1986-04-01,23.94948885540188,0.37224086747830043
796,1986-05-01,26.472229332115283,0.7408821786231211
797,1986-06-01,21.50413671060926,0.8964380965547621
798,1986-07-01,18.269807345949136,0.8257521792898093
799,1986-08-01,18.91208438972195,0.9809316276018487
800,1986-09-01,14.544815667329896,-0.2551249168286105
801,1986-10-01,16.201066891153936,-0.0160370736743295
802,1986-11-01,19.03405853349875,0.11778229355643907
803,1986-12-01,22.795848337272012,0.3914378482271063
804,1987-01-01,22.343046742573538,0.12737224813729614
805,1987-02-01,21.617945423276424,0.17820774171423248
806,1987-03-01,18.67677417533148,-0.2665890394601184
807,1987-04-01,19.8627487528409,-0.07527715243324092
808,1987-05-01,22.9811638908467,0.36432198895233103
809,1987-06-01,27.185274409496895,1.548473846445854
810,1987-07-01,24.287335289767793,1.875461269180196
811,1987-08-01,17.25391665415274,0.6630010888901353
812,1987-09-01,14.314860610786104,-0.30088880238292
813,1987-10-01,13.130635980774963,-0.5956195802166849
814,1987-11-01,19.29697620266571,0.15715720100903507
815,1987-12-01,27.374893918888173,0.9670204064232479
816,1988-01-01,36.94642358717271,1.408823327153414
817,1988-02-01,31.86731326596075,1.0841433852047486
818,1988-03-01,29.1073520723405,0.7270062336491012
819,1988-04-01,22.265110358364065,0.19448348751622416
820,1988-05-01,24.76093046079564,0.5606651010928771
821,1988-06-01,18.14688376142263,0.4566992387698758
822,1988-07-01,14.225876749374615,-0.015122963348942645
823,1988-08-01,14.779166554406501,0.14866378547808398
824,1988-09-01,19.21977263300989,0.585524935695039
825,1988-10-01,20.780717751928105,0.7249453901647988
826,1988-11-01,21.083816138572118,0.4157409602227114
827,1988-12-01,24.97866320110958,0.6744533982274945
828,1989-01-01,30.109076359827434,0.8602543798721897
829,1989-02-01,29.48777402640078,0.8930905536332653
830,1989-03-01,28.258313292021136,0.6559738716243403
831,1989-04-01,47.16591818721415,2.2603659288798337
832,1989-05-01,47.230981640333155,2.4951360522303183
833,1989-06-01,41.1252409980969,2.8456119185003157
834,1989-07-01,21.416366634658296,1.3985981084079175
835,1989-08-01,20.429741095873887,1.2563383589325612
836,1989-09-01,22.569450098561187,1.107521954163341
837,1989-10-01,22.18502854943759,0.9302450500172746
838,1989-11-01,17.672237107225843,-0.09220433198488685
839,1989-12-01,16.095700035952394,-0.6100775685916879
840,1990-01-01,21.646578416774915,0.053819068631272345
841,1990-02-01,29.647327604050254,0.9062069420490135
842,1990-03-01,31.765082769392116,0.9409856651061979
843,1990-04-01,18.090431030409725,-0.28869893742602215
844,1990-05-01,12.071595318330715,-1.1449440267029736
845,1990-06-01,8.16240606460002,-1.313171234656234
846,1990-07-01,11.96340517048099,-0.5576111431440502
847,1990-08-01,9.813597795256799,-1.091706249503791
848,1990-09-01,12.31994731837876,-0.7205120253430491
849,1990-10-01,15.640215286714984,-0.11600458505372448
850,1990-11-01,33.61882460330257,1.9170417092787528
851,1990-12-01,38.52798487921699,2.1459921118618683
852,1991-01-01,35.31754268069679,1.2845004036863978
853,1991-02-01,19.90694110306987,0.0006090036746295814
854,1991-03-01,25.067374713136545,0.37573537448340316
855,1991-04-01,23.206568323812697,0.2948957908375483
856,1991-05-01,22.745921053629104,0.3376268169539301
857,1991-06-01,9.698353260612473,-0.9678231883427285
858,1991-07-01,13.015033597563402,-0.29756247265554964
859,1991-08-01,16.14240580519035,0.43847348969265043
860,1991-09-01,22.129677729847497,1.042010463801543
861,1991-10-01,19.63022533524444,0.5498657098278971
862,1991-11-01,14.617349477379317,-0.6064468933314701
863,1991-12-01,10.988807760641238,-1.5881193652601122
864,1992-01-01,11.27489175681125,-1.3069371774232668
865,1992-02-01,10.477758756131728,-1.233325461472066
866,1992-03-01,7.332788767410808,-1.9583336179660549
867,1992-04-01,4.749415308632019,-2.7696632997764965
868,1992-05-01,11.43796576083636,-1.2580750737076243
869,1992-06-01,12.74265274379726,-0.38226814368633655
870,1992-07-01,18.783222683473788,0.9233901495370763
871,1992-08-01,14.468287423450544,0.0801062030014684
872,1992-09-01,24.85517469779395,1.435337769363926
873,1992-10-01,23.09431825326094,1.05868979737201
874,1992-11-01,29.97114913029066,1.5241700003303125
875,1992-12-01,26.400845309514487,0.8501974619244839
876,1993-01-01,25.843005569557665,0.47558483313942634
877,1993-02-01,16.107221312730786,-0.4342633522905939
878,1993-03-01,11.329913683305781,-1.2287441038427909
879,1993-04-01,9.424249806742052,-1.616462763765588
880,1993-05-01,11.940296767241968,-1.1680391937871137
881,1993-06-01,8.77761576806194,-1.1697933829070235
882,1993-07-01,14.446083461343177,0.03449167522638411
883,1993-08-01,16.53216470700437,0.5183340930980203
884,1993-09-01,19.225781898432622,0.5865128340907059
885,1993-10-01,22.735612089766295,1.008419580666866
886,1993-11-01,21.4045470933528,0.46060182288701257
887,1993-12-01,21.28087463913714,0.18429973290613028
888,1994-01-01,12.635466716833047,-1.0885433837615044
889,1994-02-01,16.855535811235082,-0.3435030384318807
890,1994-03-01,27.48783750590837,0.5902947911990197
891,1994-04-01,27.301227286792862,0.7027811078202413
892,1994-05-01,25.598087340095418,0.6498132236640966
893,1994-06-01,13.838226832284912,-0.19516664576265602
894,1994-07-01,15.214462489067149,0.2037618137225371
895,1994-08-01,12.282648143325108,-0.43220329187120954
896,1994-09-01,16.76328905763843,0.16327383533328071
897,1994-10-01,15.998417431410317,-0.051886132019212126
898,1994-11-01,29.140414812525037,1.430464182277949
899,1994-12-01,24.463937913064267,0.6092311982341141
900,1995-01-01,25.380508410214077,0.43143838402275503
901,1995-02-01,10.61339839076687,-1.2108921622035722
902,1995-03-01,13.258552864460084,-0.941845768671053
903,1995-04-01,12.522590200205535,-1.0698021909020516
904,1995-05-01,12.838712002325842,-1.0133993341336214
905,1995-06-01,9.061182412941879,-1.1060752912268281
906,1995-07-01,9.844450103542936,-1.1331580352069972
907,1995-08-01,10.387763055794457,-0.9290115578535555
908,1995-09-01,11.312519618914068,-0.9502643624426469
909,1995-10-01,14.13825839500364,-0.3961712947445147
910,1995-11-01,14.88833359021797,-0.5580379072855495
911,1995-12-01,16.214011704965245,-0.5901497475382961
912,1996-01-01,15.073063090137428,-0.7352570532381251
913,1996-02-01,16.301667785058466,-0.41040764876434155
914,1996-03-01,19.071552779547723,-0.22295228233124928
915,1996-04-01,15.473976276281244,-0.6314289657592614
916,1996-05-01,13.416639516283576,-0.9178637538384941
917,1996-06-01,11.204080845404455,-0.6644972503775012
918,1996-07-01,11.784657301956825,-0.603335797184521
919,1996-08-01,10.956193287678936,-0.7739112236719142
920,1996-09-01,11.252830652625612,-0.9643108320548166
921,1996-10-01,15.654548575787965,-0.11342009558141404
922,1996-11-01,29.772051010293033,1.5018655262448293
923,1996-12-01,36.63761345511875,1.9632036140231661
924,1997-01-01,42.73008782093922,1.8239527431859828
925,1997-02-01,31.758492826751564,1.0756112713856358
926,1997-03-01,35.03343404129233,1.1887762509342523
927,1997-04-01,24.88299635749235,0.46721003839493364
928,1997-05-01,24.53408503362996,0.5361682487497984
929,1997-06-01,15.952049513249634,0.13934954595608245
930,1997-07-01,19.348648740527793,1.0289222350482343
931,1997-08-01,16.49878502533125,0.5115436674671708
932,1997-09-01,15.340038768980055,-0.10052243091488113
933,1997-10-01,12.020797327472788,-0.8277694380279734
934,1997-11-01,17.476788962759642,-0.12322171032873361
935,1997-12-01,16.07858210945168,-0.6129690800914742
936,1998-01-01,13.525599015750396,-0.954449260778588
937,1998-02-01,7.239294037471856,-1.844211340220302
938,1998-03-01,5.617654860672186,-2.364350333207126
939,1998-04-01,8.767632807150509,-1.748340573322821
940,1998-05-01,10.394666456365782,-1.4543499433186382
941,1998-06-01,11.629219426059324,-0.5839889203584991
942,1998-07-01,8.533947342802493,-1.5332884401614884
943,1998-08-01,9.737003797850202,-1.1139011079839356
944,1998-09-01,10.209803133430306,-1.218517228527035
945,1998-10-01,11.490326602650828,-0.9439488181007469
946,1998-11-01,12.50357030334094,-1.006938212086463
947,1998-12-01,12.421674855684465,-1.2864289423115327
948,1999-01-01,16.777659065095687,-0.511099820480808
949,1999-02-01,17.054956479014898,-0.31978082395053253
950,1999-03-01,17.597614936323133,-0.3891610071795463
951,1999-04-01,15.810841796080874,-0.5851843081212967
952,1999-05-01,13.639482978394444,-0.8817880999828938
953,1999-06-01,10.505595726451306,-0.8014576205457481
954,1999-07-01,7.776145279373182,-1.7845946744751267
955,1999-08-01,7.077600168865907,-1.973976724799138
956,1999-09-01,9.43838576105661,-1.4183742821598506
957,1999-10-01,10.764180834150988,-1.1091384527591894
958,1999-11-01,10.101709019686796,-1.5236408493473712
959,1999-12-01,12.851320544748932,-1.2007308848418763
960,2000-01-01,13.121802145216385,-1.0144912420379142
961,2000-02-01,12.297089981762648,-0.9479176156365647
962,2000-03-01,10.510121934446442,-1.3612008521727668
963,2000-04-01,9.952158894492198,-1.515123987121583
964,2000-05-01,9.422013612633295,-1.6503144669958163
965,2000-06-01,7.304603155592913,-1.5264231707526983
966,2000-07-01,7.576978049581399,-1.8534796338565334
967,2000-08-01,13.344428034233525,-0.17628207358653225
968,2000-09-01,18.39438042073832,0.4478525757706794
969,2000-10-01,19.83199225429935,0.5810490693323699
970,2000-11-01,24.21177587880957,0.8355687148201899
971,2000-12-01,17.04285729451124,-0.4532437782131792
972,2001-01-01,13.336232386877171,-0.9824490135949999
973,2001-02-01,7.482895268023963,-1.7920565138238376
974,2001-03-01,10.896961104281488,-1.2978179680287492
975,2001-04-01,12.40157579766692,-1.0892458263382487
976,2001-05-01,10.61609308024116,-1.4115697566984244
977,2001-06-01,9.551400752769975,-0.9991337250455743
978,2001-07-01,9.505508723038295,-1.2329223681519805
979,2001-08-01,9.791226525303976,-1.098176451625505
980,2001-09-01,9.665816454322387,-1.3583049260791744
981,2001-10-01,11.655955825631326,-0.9072849787931793
982,2001-11-01,18.94917972078247,0.10499334937494856
983,2001-12-01,23.47101300559899,0.4808172291860213
984,2002-01-01,30.953887751172527,0.9321318570254784
985,2002-02-01,24.179203648106594,0.4273454187667082
986,2002-03-01,22.703263861720497,0.15249890903396704
987,2002-04-01,14.794801516429441,-0.7268113312511867
988,2002-05-01,21.481992739140267,0.19096934989123054
989,2002-06-01,20.518072815849866,0.7722461841550635
990,2002-07-01,20.008374592015695,1.1495443347557592
991,2002-08-01,12.250328152793758,-0.4402236173830708
992,2002-09-01,9.441563592708954,-1.417528025072568
993,2002-10-01,17.58764431896472,0.22155418061051152
994,2002-11-01,16.44802062736266,-0.29045338145306226
995,2002-12-01,16.193322922919265,-0.5936273005147571
996,2003-01-01,9.100661846459081,-1.6984627950639581
997,2003-02-01,13.91009549616579,-0.718660915058848
998,2003-03-01,16.68938305090871,-0.49635288806936073
999,2003-04-01,17.450611472747983,-0.3692166147792884
1000,2003-05-01,12.548523915347449,-1.0624996121041055
1001,2003-06-01,10.997572018451393,-0.7043624641833167
1002,2003-07-01,8.515389086945147,-1.5392523265663234
1003,2003-08-01,9.674854070686552,-1.1319990639018933
1004,2003-09-01,10.581277677324676,-1.1260062258909989
1005,2003-10-01,9.881114098900747,-1.320784172288044
1006,2003-11-01,14.633464276596042,-0.6035511002260655
1007,2003-12-01,17.61576321753703,-0.36123263642823983
1008,2004-01-01,24.714034380692105,0.36687761661063706
1009,2004-02-01,24.824915578778814,0.48737153787990584
1010,2004-03-01,34.42158743541669,1.1435596356647724
1011,2004-04-01,30.0955839763339,0.9585665820971091
1012,2004-05-01,35.5602814996909,1.589213242084126
1013,2004-06-01,23.032375555109905,1.0818032770535793
1014,2004-07-01,19.558353945140738,1.0675503967153457
1015,2004-08-01,13.870617772375825,-0.05451128255770117
1016,2004-09-01,14.75410917383573,-0.21389488207852525
1017,2004-10-01,17.49122726406732,0.20544550936878947
1018,2004-11-01,16.8319333883996,-0.2272438234288832
1019,2004-12-01,16.346088440193444,-0.5680200181391611
1020,2005-01-01,16.27035193922244,-0.5761101504258256
1021,2005-02-01,13.198465226775811,-0.8173951940954209
1022,2005-03-01,14.050863686142739,-0.8324452572238183
1023,2005-04-01,12.09521097483966,-1.1390705212338883
1024,2005-05-01,12.09542288394679,-1.1407716424030556
1025,2005-06-01,10.950422819960682,-0.7135364038439708
1026,2005-07-01,13.402999145686593,-0.20521299713250565
1027,2005-08-01,12.401257059453727,-0.40289177022621875
1028,2005-09-01,19.05061328024195,0.5576320010772996
1029,2005-10-01,19.115145111670092,0.46928962587041134
1030,2005-11-01,23.37031245025584,0.7263114316421582
1031,2005-12-01,13.547425772833806,-1.0660087464339667
1032,2006-01-01,15.175224355115596,-0.7213448992166596
1033,2006-02-01,15.694032406793234,-0.48561688062037167
1034,2006-03-01,40.723266110714206,1.586906509480682
1035,2006-04-01,36.29385248997037,1.4755150574557487
1036,2006-05-01,34.74422454559259,1.5191994732666796
1037,2006-06-01,9.939119303457728,-0.9172295799039948
1038,2006-07-01,9.624379157836893,-1.1976582035450707
1039,2006-08-01,5.810500989840339,-2.4667914655967804
1040,2006-09-01,8.892552911697276,-1.5667880287253175
1041,2006-10-01,19.234843300793234,0.48814102346061383
1042,2006-11-01,21.587040122603444,0.4859293692307142
1043,2006-12-01,19.794577663041434,-0.028688027737084162
1044,2007-01-01,15.45552358761023,-0.6835028216639536
1045,2007-02-01,16.826033610539383,-0.3470286818025108
1046,2007-03-01,23.55280785316102,0.23442280152486084
1047,2007-04-01,17.741229414642284,-0.3323999235591058
1048,2007-05-01,16.506514258958912,-0.4501847789181821
1049,2007-06-01,8.883055188684725,-1.1459348309269544
1050,2007-07-01,10.392387525028454,-0.9767709259072368
1051,2007-08-01,9.751898879759484,-1.109575513629346
1052,2007-09-01,11.63874139340709,-0.8743825538903878
1053,2007-10-01,10.57916859919267,-1.1524531253571526
1054,2007-11-01,10.29478791443659,-1.4791110139623507
1055,2007-12-01,24.992793744187793,0.67623141075089
1056,2008-01-01,31.743610523840026,0.9981795842300375
1057,2008-02-01,32.7659759627713,1.1538961801441023
1058,2008-03-01,17.239267629649447,-0.4309922333679999
1059,2008-04-01,10.758901918966965,-1.3674028526150652
1060,2008-05-01,8.6058683745207,-1.8262003623129521
1061,2008-06-01,8.284490183124602,-1.2841286093462774
1062,2008-07-01,11.760926220086002,-0.609441679156921
1063,2008-08-01,14.505997655578078,0.08847439245374308
1064,2008-09-01,15.879394199011653,0.001297734107162312
1065,2008-10-01,11.798842563632839,-0.8759424275740045
1066,2008-11-01,10.002349555343615,-1.5467895891603913
1067,2008-12-01,16.581230050019784,-0.5289207509345876
1068,2009-01-01,19.997510285484672,-0.12689437524380623
1069,2009-02-01,19.87722812606436,-0.002563849616950502
1070,2009-03-01,18.59515932807317,-0.27568813232476597
1071,2009-04-01,16.440117720429427,-0.5005742758292239
1072,2009-05-01,13.643216713848034,-0.8811871388016168
1073,2009-06-01,6.755896106159185,-1.672354566549818
1074,2009-07-01,9.090889443677224,-1.3583671003455486
1075,2009-08-01,16.09216320278873,0.4280865448787273
1076,2009-09-01,16.702671312933287,0.15234996081043914
1077,2009-10-01,13.831632792526163,-0.45581351842435525
1078,2009-11-01,11.651473266047738,-1.1816299453243584
1079,2009-12-01,11.870733973204786,-1.3993959339156565
1080,2010-01-01,10.679891147470693,-1.4083182308358413
1081,2010-02-01,7.1521415237916415,-1.8631811875386104
1082,2010-03-01,10.223504015734111,-1.4092409384632925
1083,2010-04-01,10.981129145745909,-1.3280964280427754
1084,2010-05-01,11.62990267775399,-1.223352136726111
1085,2010-06-01,6.73053325012412,-1.679301769308633
1086,2010-07-01,6.698068055489372,-2.1737418874801864
1087,2010-08-01,6.654655687955998,-2.1309209233488766
1088,2010-09-01,8.027305606690419,-1.8157601884216579
1089,2010-10-01,9.02346373657499,-1.539376378324027
1090,2010-11-01,11.474276138446355,-1.2190632662607899
1091,2010-12-01,15.361512634514739,-0.7360291941648588
1092,2011-01-01,18.799881793176585,-0.2645293892765326
1093,2011-02-01,18.251394561597643,-0.1812730719298777
1094,2011-03-01,16.85114838556388,-0.4769740823333249
1095,2011-04-01,10.681059779465192,-1.3813068904762342
1096,2011-05-01,11.717243754110553,-1.2076843068142216
1097,2011-06-01,9.966454916181716,-0.911539385328466
1098,2011-07-01,12.89908889344132,-0.3255206685675311
1099,2011-08-01,10.10018582121528,-1.0097040327036308
1100,2011-09-01,9.28087759503301,-1.460570613494931
1101,2011-10-01,7.435930590723931,-1.9861312897153738
1102,2011-11-01,12.325424566501555,-1.0427629617716723
1103,2011-12-01,18.430060329331056,-0.23387088976842688
1104,2012-01-01,16.59239249745008,-0.5346833343966705
1105,2012-02-01,17.743708865299624,-0.2392710160619804
1106,2012-03-01,19.889114831170247,-0.1344898362374237
1107,2012-04-01,21.109690709239562,0.067308579136109
1108,2012-05-01,15.019616477201494,-0.6669665716143345
1109,2012-06-01,7.846271075510105,-1.389828985070377
1110,2012-07-01,9.066270835023737,-1.3659393188453992
1111,2012-08-01,8.797031486471699,-1.3966651068175833
1112,2012-09-01,10.809780646130594,-1.0702124497464722
1113,2012-10-01,8.917117846866091,-1.5674831060247127
1114,2012-11-01,8.366606046399372,-1.9536321729813868
1115,2012-12-01,7.186966463451293,-2.5537757068518747
1116,2013-01-01,13.816621745413437,-0.9119456841354168
1117,2013-02-01,17.742763339431527,-0.2393800746540609
1118,2013-03-01,18.217005915574962,-0.3182052461058758
1119,2013-04-01,11.455563325810557,-1.2460225900709507
1120,2013-05-01,13.09617652164123,-0.9704776694124907
1121,2013-06-01,10.724923372131341,-0.7577926758333049
1122,2013-07-01,17.361614383157605,0.6485380817593227
1123,2013-08-01,15.566889265802953,0.31818561485279045
1124,2013-09-01,17.462448298141304,0.28741081429563536
1125,2013-10-01,11.500156632260973,-0.941762710752403
1126,2013-11-01,10.842392536644684,-1.355922290432872
1127,2013-12-01,13.608607057190849,-1.054398974988306
1128,2014-01-01,17.49360190395756,-0.42160093030284745
1129,2014-02-01,15.208911566077742,-0.547106318254227
1130,2014-03-01,24.50900281668399,0.32431431383105724
1131,2014-04-01,26.65719133021396,0.6414267386281767
1132,2014-05-01,30.62194085015845,1.1483767076521594
1133,2014-06-01,16.600632518272363,0.23599452468439017
1134,2014-07-01,19.22667055183122,1.0063279527552016
1135,2014-08-01,17.78267066813443,0.7664765148161524
1136,2014-09-01,19.15800316951455,0.5753584844743733
1137,2014-10-01,18.57104839737413,0.3826020514936162
1138,2014-11-01,18.03321784715269,-0.0355168324257187
1139,2014-12-01,22.443675362997446,0.34412039407605505
1140,2015-01-01,15.71444333206335,-0.6489646501725074
1141,2015-02-01,14.864104713980637,-0.5916341864958834
1142,2015-03-01,15.818259940853482,-0.6029856103164718
1143,2015-04-01,19.731938851321555,-0.09057976299366964
1144,2015-05-01,23.48604883230969,0.42101148055822557
1145,2015-06-01,17.754850686111613,0.40195799210111094
1146,2015-07-01,15.281808701865598,0.21832404848441334
1147,2015-08-01,25.744263041104176,2.12790052563632
1148,2015-09-01,35.74593118543428,2.777796257649997
1149,2015-10-01,39.44190944571266,2.9595252637473264
1150,2015-11-01,32.305193839339694,1.7788459766476226
1151,2015-12-01,22.70291130442482,0.37899823528934234
1152,2016-01-01,16.014951473237577,-0.6093659006036948
1153,2016-02-01,7.197235872357718,-1.853344912317147
1154,2016-03-01,8.561889675635655,-1.7085906259654857
1155,2016-04-01,11.767752027246054,-1.1933133022423115
1156,2016-05-01,18.91591336920829,-0.12551086684825258
1157,2016-06-01,17.8338026318185,0.41304611051229473
1158,2016-07-01,18.481478322049107,0.8662211232819322
1159,2016-08-01,18.029839909646782,0.8141550677349789
1160,2016-09-01,20.33028878793853,0.7647480400033403
1161,2016-10-01,18.365750985890113,0.34945692558475405
1162,2016-11-01,11.986326851724852,-1.1119571723984751
1163,2016-12-01,13.839343744801432,-1.0109359234552815
1164,2017-01-01,14.103744459948967,-0.8706170728771151
1165,2017-02-01,16.293641204497014,-0.41138853565195704
1166,2017-03-01,14.204703311396381,-0.8117039384407146
1167,2017-04-01,22.933726247542445,0.2660784194200741
1168,2017-05-01,22.786131227499546,0.34220274731678474
1169,2017-06-01,19.73992880324339,0.671462189673612
1170,2017-07-01,11.979690529413256,-0.5534683737895656
1171,2017-08-01,10.458706724270565,-0.9093415124810387
1172,2017-09-01,10.14917248747323,-1.2338371064714782
1173,2017-10-01,19.88281973818113,0.588871570598871
1174,2017-11-01,23.747076865508166,0.775544267122444
1175,2017-12-01,26.500710195604054,0.862302920147362
1176,2018-01-01,14.438880654289814,-0.8231090122547577
1177,2018-02-01,16.879537759872125,-0.3406377967902658
1178,2018-03-01,17.94927105556555,-0.34867155178836895
1179,2018-04-01,26.720131305762745,0.647465269993781
1180,2018-05-01,23.139601722660174,0.38219961474335895
1181,2018-06-01,18.686480432411138,0.5307843304028758
1182,2018-07-01,12.445807006415452,-0.4364792582402682
1183,2018-08-01,22.626706720062458,1.6324643159527952
1184,2018-09-01,33.34869830741614,2.507292132381864
1185,2018-10-01,41.331257374153445,3.144302014325322
1186,2018-11-01,29.197281289288412,1.4369329905358872
1187,2018-12-01,20.88001254151144,0.12785957885874324
1188,2019-01-01,12.142095281909778,-1.1657347731052476
1189,2019-02-01,19.805426008760424,-0.010244289110906227
1190,2019-03-01,18.49147147538914,-0.2872872642777345
1191,2019-04-01,18.720146286892838,-0.21131544154685758
1192,2019-05-01,12.420102695093687,-1.0844811677784534
1193,2019-06-01,12.971184664411817,-0.3423646222716964
1194,2019-07-01,12.477175905078607,-0.42871336000714566
1195,2019-08-01,11.624345493701302,-0.598473459793104
1196,2019-09-01,12.112149672108085,-0.7668180727917442
1197,2019-10-01,12.8000031026742,-0.6633289977594038
1198,2019-11-01,13.917263980467704,-0.7344126622417587
1199,2019-12-01,15.187659530097552,-0.7664540544791068
1200,2020-01-01,26.746158048564958,0.5603146367394493
1201,2020-02-01,27.087896221403412,0.689978805469901
1202,2020-03-01,29.191854911732435,0.7340014579199855
1203,2020-04-01,17.812170016232194,-0.32347512452163507
1204,2020-05-01,15.30437604465711,-0.6243490788217407
1205,2020-06-01,10.140660075141374,-0.8755287165214372
1206,2020-07-01,15.199670527886612,0.20055761709843045
1207,2020-08-01,14.12966908890251,0.00430354010128034
1208,2020-09-01,14.955902580384336,-0.1745134381194439
1209,2020-10-01,7.250313766176221,-2.0426681958075346
1210,2020-11-01,15.254430767211005,-0.49358104296974953
1211,2020-12-01,13.321634108626027,-1.109171426205867
1212,2021-01-01,20.937231573281082,-0.022740617845856265
1213,2021-02-01,16.71288184018886,-0.36058997717245916
1214,2021-03-01,32.0432567138555,0.9626997795554727
1215,2021-04-01,24.63322055850353,0.44203322241787585
1216,2021-05-01,20.618445670419295,0.08743601172262806
1217,2021-06-01,5.3328374628602475,-2.0953402148896867
1218,2021-07-01,4.610103744450454,-3.0784253533261143
1219,2021-08-01,4.899346596772992,-2.871380488636755
1220,2021-09-01,5.320043110082841,-2.7457989130019107
1221,2021-10-01,5.001498491218761,-2.828856710828828
1222,2021-11-01,3.9760044272628026,-3.4484069766046597
1223,2021-12-01,13.218022457853245,-1.1291475463174672
1224,2022-01-01,12.472457495398759,-1.1138098200159519
1225,2022-02-01,12.390253429612507,-0.9341241170622916
1226,2022-03-01,2.144788707861756,-3.631493613932591
1227,2022-04-01,2.2178035259063957,-3.842031982106934
1228,2022-05-01,3.4042635121042686,-3.4017376171792586
1229,2022-06-01,4.507099116675045,-2.380050557376173
