"DT","SP"
1920-01-01,0
1920-02-01,0
1920-03-01,0
1920-04-01,0
1920-05-01,0
1920-06-01,0
1920-07-01,0
1920-08-01,0
1920-09-01,0
1920-10-01,0
1920-11-01,0
1920-12-01,0.0755347513687681
1921-01-01,0
1921-02-01,0
1921-03-01,0
1921-04-01,0
1921-05-01,0
1921-06-01,0
1921-07-01,0
1921-08-01,0
1921-09-01,0
1921-10-01,0
1921-11-01,0
1921-12-01,0
1922-01-01,0.372473138694627
1922-02-01,0.1890479944982
1922-03-01,0
1922-04-01,0
1922-05-01,0.114199690386225
1922-06-01,0.0534623768876989
1922-07-01,0.0429638779553416
1922-08-01,0
1922-09-01,0
1922-10-01,0
1922-11-01,0
1922-12-01,0
1923-01-01,0
1923-02-01,0
1923-03-01,0
1923-04-01,0
1923-05-01,0
1923-06-01,0
1923-07-01,0
1923-08-01,0
1923-09-01,0
1923-10-01,0
1923-11-01,0
1923-12-01,0
1924-01-01,0
1924-02-01,0
1924-03-01,0
1924-04-01,0
1924-05-01,0
1924-06-01,0
1924-07-01,0
1924-08-01,0
1924-09-01,0
1924-10-01,0
1924-11-01,0
1924-12-01,0.0755347513687681
1925-01-01,0
1925-02-01,0
1925-03-01,0.142328840963311
1925-04-01,1.02556078821646
1925-05-01,1.18632899681085
1925-06-01,1.21590200193741
1925-07-01,1.12238509040253
1925-08-01,0.981500254299167
1925-09-01,0.886510604302091
1925-10-01,0.862712250521995
1925-11-01,1.03552773192915
1925-12-01,1.25686045535038
1926-01-01,1.46687525304278
1926-02-01,1.55303395879348
1926-03-01,1.86851950023559
1926-04-01,1.84004633105924
1926-05-01,1.81692493923161
1926-06-01,1.64291500518733
1926-07-01,1.65094159697833
1926-08-01,1.20721504992687
1926-09-01,1.09789420312759
1926-10-01,1.16462965325816
1926-11-01,1.35612418635491
1926-12-01,0.828183964913975
1927-01-01,0.708793292160119
1927-02-01,0.672160173166208
1927-03-01,0.0562169069083996
1927-04-01,0
1927-05-01,0
1927-06-01,0
1927-07-01,0
1927-08-01,0
1927-09-01,0
1927-10-01,0
1927-11-01,0
1927-12-01,0
1928-01-01,0
1928-02-01,0
1928-03-01,0
1928-04-01,0
1928-05-01,0
1928-06-01,0
1928-07-01,0
1928-08-01,0
1928-09-01,0
1928-10-01,0
1928-11-01,0
1928-12-01,0.896611121039103
1929-01-01,0.553293465391396
1929-02-01,0.159368847062034
1929-03-01,0.0335205369094894
1929-04-01,0.125215982861853
1929-05-01,0.183481080683604
1929-06-01,0.287855242864523
1929-07-01,0.328068633889947
1929-08-01,0.340892488892058
1929-09-01,0.37606173120418
1929-10-01,0.389699571007777
1929-11-01,0
1929-12-01,0
1930-01-01,0
1930-02-01,0
1930-03-01,0
1930-04-01,0
1930-05-01,0
1930-06-01,0
1930-07-01,0
1930-08-01,0
1930-09-01,0
1930-10-01,0
1930-11-01,0
1930-12-01,0
1931-01-01,0
1931-02-01,0
1931-03-01,0.271615289365278
1931-04-01,0.364391471908547
1931-05-01,0.114199690386225
1931-06-01,0.109517383410316
1931-07-01,0.0213664277597844
1931-08-01,0.461008190795033
1931-09-01,0.432795097581711
1931-10-01,0.64259483381476
1931-11-01,0.86847531356116
1931-12-01,0.862258397675417
1932-01-01,0.222243901149894
1932-02-01,0
1932-03-01,0
1932-04-01,0
1932-05-01,0.0970413841771015
1932-06-01,0.0423336382353955
1932-07-01,0.247923310625076
1932-08-01,0.35218143425552
1932-09-01,0.449972093246794
1932-10-01,0.763285342043204
1932-11-01,0.689460315827894
1932-12-01,0.539489580874893
1933-01-01,0.735264062655927
1933-02-01,1.03116232294047
1933-03-01,0.722980839060004
1933-04-01,0.309479217866062
1933-05-01,0.295379253648582
1933-06-01,0.376788306033241
1933-07-01,0.409746984594265
1933-08-01,0.374852751130967
1933-09-01,0.590119956953992
1933-10-01,0.491182375194481
1933-11-01,0.524078339994951
1933-12-01,0.774229439185191
1934-01-01,0.870149389892223
1934-02-01,1.17780269015832
1934-03-01,1.32634835422047
1934-04-01,1.68475054577801
1934-05-01,1.24567822811842
1934-06-01,1.01549687700589
1934-07-01,0.831059852252454
1934-08-01,0.669515528818998
1934-09-01,0.392998238829939
1934-10-01,0.247537967519105
1934-11-01,0.301997248459953
1934-12-01,0.0870097467470242
1935-01-01,0.134423375870509
1935-02-01,0.00224648771909417
1935-03-01,0
1935-04-01,0
1935-05-01,0
1935-06-01,0
1935-07-01,0
1935-08-01,0
1935-09-01,0
1935-10-01,0
1935-11-01,0
1935-12-01,0
1936-01-01,0
1936-02-01,0
1936-03-01,0
1936-04-01,0
1936-05-01,0.00658908215444104
1936-06-01,0.0870124107812937
1936-07-01,0.130421911292303
1936-08-01,0
1936-09-01,0.04078367873659
1936-10-01,0.141481947749459
1936-11-01,0.633581873809223
1936-12-01,0.609876926544288
1937-01-01,0
1937-02-01,0
1937-03-01,0
1937-04-01,0
1937-05-01,0
1937-06-01,0
1937-07-01,0
1937-08-01,0
1937-09-01,0
1937-10-01,0
1937-11-01,0
1937-12-01,0
1938-01-01,0
1938-02-01,0
1938-03-01,0
1938-04-01,0
1938-05-01,0
1938-06-01,0
1938-07-01,0
1938-08-01,0
1938-09-01,0
1938-10-01,0
1938-11-01,0
1938-12-01,0
1939-01-01,0
1939-02-01,0
1939-03-01,0
1939-04-01,0
1939-05-01,0
1939-06-01,0
1939-07-01,0
1939-08-01,0
1939-09-01,0
1939-10-01,0
1939-11-01,0
1939-12-01,0
1940-01-01,0
1940-02-01,0.396059880236113
1940-03-01,1.18347420691131
1940-04-01,1.39201561502636
1940-05-01,1.25316002439735
1940-06-01,1.31256832146442
1940-07-01,1.12238509040253
1940-08-01,0.52537374682249
1940-09-01,0.548728986562563
1940-10-01,0.367497230447863
1940-11-01,0.129060000978247
1940-12-01,0.0755347513687681
1941-01-01,0.14603659985792
1941-02-01,0.171217971439075
1941-03-01,0.460308559906651
1941-04-01,0.514180799576808
1941-05-01,0.391818326321412
1941-06-01,0.154865740938975
1941-07-01,0.202786026535161
1941-08-01,0.519479598169484
1941-09-01,0.19964291495157
1941-10-01,0.0842968201193595
1941-11-01,0.370865840930375
1941-12-01,0.45150402787803
1942-01-01,0.508965608322255
1942-02-01,0.55449953530436
1942-03-01,0.36801099670032
1942-04-01,0.370534062028992
1942-05-01,0.397915678391444
1942-06-01,0.604276474450414
1942-07-01,0.578024438685524
1942-08-01,0.737385341939783
1942-09-01,1.03052550942083
1942-10-01,1.05671709191878
1942-11-01,1.09055596468492
1942-12-01,1.00848048279045
1943-01-01,0.105516969949833
1943-02-01,0.00224648771909473
1943-03-01,0
1943-04-01,0
1943-05-01,0
1943-06-01,0
1943-07-01,0
1943-08-01,0
1943-09-01,0
1943-10-01,0
1943-11-01,0
1943-12-01,0
1944-01-01,0.662858878032883
1944-02-01,0.43358126885609
1944-03-01,0.66393856360598
1944-04-01,0.809539581801947
1944-05-01,1.06307389258759
1944-06-01,1.10727539435021
1944-07-01,1.18625444107863
1944-08-01,1.32920118119998
1944-09-01,1.35143014416997
1944-10-01,1.28303309548695
1944-11-01,1.23174360822155
1944-12-01,0.707733248233379
1945-01-01,0.669390990679134
1945-02-01,0.959734109982975
1945-03-01,0.898319118777332
1945-04-01,0
1945-05-01,0
1945-06-01,0
1945-07-01,0
1945-08-01,0
1945-09-01,0
1945-10-01,0
1945-11-01,0
1945-12-01,0
1946-01-01,0
1946-02-01,0
1946-03-01,0
1946-04-01,0
1946-05-01,0
1946-06-01,0.0423336382353958
1946-07-01,0.0213664277597844
1946-08-01,0.0576079053251857
1946-09-01,0.119464097078791
1946-10-01,0
1946-11-01,0
1946-12-01,0
1947-01-01,0
1947-02-01,0.261057048253258
1947-03-01,0.0278636255276105
1947-04-01,0.0788274200260468
1947-05-01,0.0459453711647195
1947-06-01,0.02015703023428
1947-07-01,0.0538020626261349
1947-08-01,0
1947-09-01,0
1947-10-01,0.188867073477234
1947-11-01,0.150989103122826
1947-12-01,0.945183814792205
1948-01-01,0.761899939416315
1948-02-01,0.725480875324014
1948-03-01,0.625023581450414
1948-04-01,0.395188246026875
1948-05-01,0.242029941671229
1948-06-01,0.149172222824604
1948-07-01,0.158112654499438
1948-08-01,0.218703061985712
1948-09-01,0.359195677160556
1948-10-01,0.345417959959361
1948-11-01,0.22862699043524
1948-12-01,0.298576569637887
1949-01-01,0
1949-02-01,0
1949-03-01,0
1949-04-01,0
1949-05-01,0.0234153737004954
1949-06-01,0.0758015876740189
1949-07-01,0.113890941121191
1949-08-01,0.169728174179734
1949-09-01,0.264916299959372
1949-10-01,0.0483121903821481
1949-11-01,0.399896275436582
1949-12-01,0.133194144472185
1950-01-01,0.911472390854377
1950-02-01,0.738913463161875
1950-03-01,0.722980839060004
1950-04-01,0.219400822692165
1950-05-01,0.166062224761993
1950-06-01,0.194923482408787
1950-07-01,0.0864764880807084
1950-08-01,0
1950-09-01,0
1950-10-01,0
1950-11-01,0
1950-12-01,0
1951-01-01,0
1951-02-01,0
1951-03-01,0
1951-04-01,0
1951-05-01,0
1951-06-01,0
1951-07-01,0
1951-08-01,0
1951-09-01,0
1951-10-01,0
1951-11-01,0
1951-12-01,0
1952-01-01,0
1952-02-01,0
1952-03-01,0
1952-04-01,0
1952-05-01,0
1952-06-01,0
1952-07-01,0
1952-08-01,0
1952-09-01,0
1952-10-01,0.258296971289992
1952-11-01,0.256697530781761
1952-12-01,0.533146420050478
1953-01-01,1.6209940163338
1953-02-01,1.31442203923942
1953-03-01,1.03840374559762
1953-04-01,0.947628190575485
1953-05-01,0.964321900410585
1953-06-01,0.891798740609831
1953-07-01,1.04574996466947
1953-08-01,0.981500254299168
1953-09-01,0.990690547893832
1953-10-01,1.09008918904269
1953-11-01,1.3710389528406
1953-12-01,1.13076723999548
1954-01-01,0.995370760664916
1954-02-01,0.786257497885388
1954-03-01,0.94680902282752
1954-04-01,0.926624138865567
1954-05-01,0.687998128615926
1954-06-01,0.719504241677268
1954-07-01,0.596465569629269
1954-08-01,0.35783754335068
1954-09-01,0.275896136988736
1954-10-01,0.263687209471581
1954-11-01,0
1954-12-01,0.00162373775644332
1955-01-01,0
1955-02-01,0
1955-03-01,0
1955-04-01,0
1955-05-01,0.166062224761993
1955-06-01,0.160566465054168
1955-07-01,0.152560485905506
1955-08-01,0.312804601579576
1955-09-01,0.309012724181962
1955-10-01,0.226105161038816
1955-11-01,0.359309529957997
1955-12-01,0.115821263668057
1956-01-01,0
1956-02-01,0
1956-03-01,0
1956-04-01,0
1956-05-01,0
1956-06-01,0
1956-07-01,0
1956-08-01,0
1956-09-01,0
1956-10-01,0
1956-11-01,0
1956-12-01,0
1957-01-01,0
1957-02-01,0
1957-03-01,0
1957-04-01,0
1957-05-01,0
1957-06-01,0
1957-07-01,0
1957-08-01,0
1957-09-01,0
1957-10-01,0
1957-11-01,0
1957-12-01,0
1958-01-01,0.251894819742339
1958-02-01,0.291393557128102
1958-03-01,0
1958-04-01,0
1958-05-01,0
1958-06-01,0
1958-07-01,0
1958-08-01,0
1958-09-01,0
1958-10-01,0
1958-11-01,0
1958-12-01,0
1959-01-01,0
1959-02-01,0
1959-03-01,0
1959-04-01,0
1959-05-01,0
1959-06-01,0
1959-07-01,0
1959-08-01,0.19686605766774
1959-09-01,0.103610497161217
1959-10-01,0
1959-11-01,0
1959-12-01,0
1960-01-01,0.293732887299082
1960-02-01,0.580377567796961
1960-03-01,0.159745360717462
1960-04-01,0.0903816156703989
1960-05-01,0.0515949682265242
1960-06-01,0
1960-07-01,0
1960-08-01,0.185989930310213
1960-09-01,0.172745531134564
1960-10-01,0.32893821177148
1960-11-01,0.803609294017822
1960-12-01,0.754171742598591
1961-01-01,0.890759822084361
1961-02-01,0.827255003305432
1961-03-01,1.30344246102309
1961-04-01,1.46314621191652
1961-05-01,1.46079903360591
1961-06-01,1.49774187628157
1961-07-01,1.46096091805118
1961-08-01,1.50890741762029
1961-09-01,1.61694275407466
1961-10-01,1.19213041197174
1961-11-01,1.05607020123663
1961-12-01,0.162294268165314
1962-01-01,0.117057938158446
1962-02-01,0.100566580243214
1962-03-01,0
1962-04-01,0
1962-05-01,0
1962-06-01,0
1962-07-01,0
1962-08-01,0
1962-09-01,0
1962-10-01,0
1962-11-01,0
1962-12-01,0.938210113785992
1963-01-01,0.932288412153001
1963-02-01,1.03116232294047
1963-03-01,0.696639155561792
1963-04-01,0
1963-05-01,0
1963-06-01,0
1963-07-01,0
1963-08-01,0
1963-09-01,0
1963-10-01,0
1963-11-01,0
1963-12-01,0
1964-01-01,0
1964-02-01,0
1964-03-01,0
1964-04-01,0.327709696634899
1964-05-01,0.337315309546134
1964-06-01,0.376788306033242
1964-07-01,0.511102776653526
1964-08-01,0.4901378642524
1964-09-01,0.560510684212469
1964-10-01,0.654492565943185
1964-11-01,0.536101773547273
1964-12-01,0.383573906849543
1965-01-01,0.287732384996054
1965-02-01,0.1890479944982
1965-03-01,0.6056969332386
1965-04-01,0.0961693919314786
1965-05-01,0
1965-06-01,0
1965-07-01,0
1965-08-01,0
1965-09-01,0
1965-10-01,0
1965-11-01,0
1965-12-01,0
1966-01-01,0
1966-02-01,0
1966-03-01,0
1966-04-01,0
1966-05-01,0
1966-06-01,0
1966-07-01,0
1966-08-01,0
1966-09-01,0
1966-10-01,0
1966-11-01,0
1966-12-01,0
1967-01-01,0
1967-02-01,0
1967-03-01,0
1967-04-01,0
1967-05-01,0
1967-06-01,0
1967-07-01,0
1967-08-01,0
1967-09-01,0
1967-10-01,0
1967-11-01,0
1967-12-01,0
1968-01-01,0
1968-02-01,0
1968-03-01,0
1968-04-01,0
1968-05-01,0
1968-06-01,0
1968-07-01,0
1968-08-01,0
1968-09-01,0
1968-10-01,0
1968-11-01,0
1968-12-01,0
1969-01-01,0
1969-02-01,0
1969-03-01,0
1969-04-01,0
1969-05-01,0
1969-06-01,0
1969-07-01,0
1969-08-01,0
1969-09-01,0
1969-10-01,0
1969-11-01,0
1969-12-01,0.0927578297342716
1970-01-01,0.995370760664916
1970-02-01,1.26836857751807
1970-03-01,1.49858112792497
1970-04-01,1.07592865493839
1970-05-01,0.874707854325262
1970-06-01,0.858098635506988
1970-07-01,0.957104456185336
1970-08-01,0.806462096484864
1970-09-01,0.886510604302091
1970-10-01,0.837604984580624
1970-11-01,0.652122256158875
1970-12-01,0.401998222652535
1971-01-01,0
1971-02-01,0
1971-03-01,0
1971-04-01,0
1971-05-01,0
1971-06-01,0
1971-07-01,0
1971-08-01,0
1971-09-01,0
1971-10-01,0
1971-11-01,0
1971-12-01,0
1972-01-01,0
1972-02-01,0
1972-03-01,0
1972-04-01,0.11357571132613
1972-05-01,0.137177376137114
1972-06-01,0.070206513662355
1972-07-01,0.0864764880807084
1972-08-01,0
1972-09-01,0.030402283938555
1972-10-01,0
1972-11-01,0.342034207351383
1972-12-01,0.655267908305542
1973-01-01,1.31868532487811
1973-02-01,1.60254989106599
1973-03-01,1.62889672041558
1973-04-01,1.88436450966662
1973-05-01,1.68877747744097
1973-06-01,1.73455759165387
1973-07-01,1.77509701103886
1973-08-01,1.94293948734016
1973-09-01,1.71300008763355
1973-10-01,1.69705802705528
1973-11-01,1.13936984351967
1973-12-01,0.262631566994646
1974-01-01,0.0710647769633209
1974-02-01,0
1974-03-01,0
1974-04-01,0
1974-05-01,0
1974-06-01,0
1974-07-01,0
1974-08-01,0
1974-09-01,0
1974-10-01,0
1974-11-01,0
1974-12-01,0
1975-01-01,0
1975-02-01,0
1975-03-01,0
1975-04-01,0
1975-05-01,0
1975-06-01,0
1975-07-01,0
1975-08-01,0
1975-09-01,0
1975-10-01,0
1975-11-01,0
1975-12-01,0.0299137554994409
1976-01-01,0.446403468873547
1976-02-01,0.054045397758032
1976-03-01,0
1976-04-01,0
1976-05-01,0
1976-06-01,0
1976-07-01,0
1976-08-01,0
1976-09-01,0
1976-10-01,0
1976-11-01,0
1976-12-01,0
1977-01-01,0.465079429833677
1977-02-01,1.13326148844351
1977-03-01,1.12481839535765
1977-04-01,1.1416087941106
1977-05-01,0.546844177059029
1977-06-01,0.629611170974614
1977-07-01,0.596465569629269
1977-08-01,0.340892488892058
1977-09-01,0.404328764865033
1977-10-01,0.514094946356443
1977-11-01,0.602868338124992
1977-12-01,0.655267908305542
1978-01-01,0.722008204624166
1978-02-01,0.924469064390703
1978-03-01,1.16137761062959
1978-04-01,1.40771108292297
1978-05-01,1.3671382219057
1978-06-01,1.16483377235731
1978-07-01,0.990959392896403
1978-08-01,1.08921048593406
1978-09-01,1.08432059258386
1978-10-01,0.696429923474179
1978-11-01,0.031717555035399
1978-12-01,0
1979-01-01,0
1979-02-01,0
1979-03-01,0
1979-04-01,0
1979-05-01,0
1979-06-01,0
1979-07-01,0
1979-08-01,0
1979-09-01,0
1979-10-01,0
1979-11-01,0
1979-12-01,0
1980-01-01,0
1980-02-01,0
1980-03-01,0
1980-04-01,0
1980-05-01,0
1980-06-01,0
1980-07-01,0
1980-08-01,0
1980-09-01,0
1980-10-01,0
1980-11-01,0
1980-12-01,0
1981-01-01,0
1981-02-01,0
1981-03-01,0.460308559906651
1981-04-01,0.309479217866062
1981-05-01,0.496636818465498
1981-06-01,0.591665795558171
1981-07-01,0.696246329137195
1981-08-01,0.403369399777331
1981-09-01,0.449972093246794
1981-10-01,0.373036208144356
1981-11-01,0.22862699043524
1981-12-01,0
1982-01-01,0
1982-02-01,0
1982-03-01,0
1982-04-01,0
1982-05-01,0
1982-06-01,0
1982-07-01,0
1982-08-01,0
1982-09-01,0
1982-10-01,0
1982-11-01,0
1982-12-01,0
1983-01-01,0
1983-02-01,0
1983-03-01,0
1983-04-01,0
1983-05-01,0
1983-06-01,0.126469736954136
1983-07-01,0.646050953732457
1983-08-01,0.92878846956302
1983-09-01,0.735456719646493
1983-10-01,0.726671828318326
1983-11-01,0.927787493493588
1983-12-01,0.77422943918519
1984-01-01,0.553293465391396
1984-02-01,0.471416019452699
1984-03-01,0.429329087154787
1984-04-01,0.457421070973339
1984-05-01,0.578520908488223
1984-06-01,0.758630367640648
1984-07-01,0.708892783534603
1984-08-01,0.922251082995026
1984-09-01,1.16653562573464
1984-10-01,1.2198486443615
1984-11-01,0.92115247066444
1984-12-01,0.821401964071958
1985-01-01,0.967215335627348
1985-02-01,0.82039492260136
1985-03-01,0.136537934359737
1985-04-01,0.207522566731463
1985-05-01,0.114199690386225
1985-06-01,0.0478946201174683
1985-07-01,0.113890941121191
1985-08-01,0.0628807197805089
1985-09-01,0.025221048364488
1985-10-01,0
1985-11-01,0
1985-12-01,0.286563332129478
1986-01-01,0.281739806343923
1986-02-01,0.458769196887977
1986-03-01,1.02417829344603
1986-04-01,0.131047006774005
1986-05-01,0.13142217638459
1986-06-01,0.189179016181645
1986-07-01,0
1986-08-01,0
1986-09-01,0
1986-10-01,0
1986-11-01,0
1986-12-01,0
1987-01-01,0
1987-02-01,0
1987-03-01,0
1987-04-01,0.382844329776699
1987-05-01,0.24792660144045
1987-06-01,0.154865740938975
1987-07-01,0.328068633889947
1987-08-01,0.466817351206502
1987-09-01,0.566414752349538
1987-10-01,0.491182375194481
1987-11-01,1.04921041055285
1987-12-01,0
1988-01-01,0
1988-02-01,0
1988-03-01,0
1988-04-01,0
1988-05-01,0
1988-06-01,0
1988-07-01,0
1988-08-01,0
1988-09-01,0
1988-10-01,0
1988-11-01,0
1988-12-01,0.564954219989523
1989-01-01,0.0653474003683869
1989-02-01,0
1989-03-01,0
1989-04-01,0
1989-05-01,0
1989-06-01,0
1989-07-01,0
1989-08-01,0
1989-09-01,0
1989-10-01,0
1989-11-01,0
1989-12-01,0
1990-01-01,0
1990-02-01,0
1990-03-01,0
1990-04-01,0
1990-05-01,0
1990-06-01,0
1990-07-01,0
1990-08-01,0
1990-09-01,0
1990-10-01,0
1990-11-01,0
1990-12-01,0
1991-01-01,0
1991-02-01,0
1991-03-01,0
1991-04-01,0
1991-05-01,0
1991-06-01,0
1991-07-01,0
1991-08-01,0
1991-09-01,0
1991-10-01,0
1991-11-01,0
1991-12-01,0.0469697076093419
1992-01-01,0.151854163021505
1992-02-01,0.273167790804208
1992-03-01,0.995875033936713
1992-04-01,1.20836604532552
1992-05-01,1.3135336714257
1992-06-01,1.37329047077694
1992-07-01,1.10133182049734
1992-08-01,1.21427718034838
1992-09-01,0.8736899968738
1992-10-01,0.763285342043204
1992-11-01,0.307693734279489
1992-12-01,0.150632277227384
1993-01-01,0.0311890346435107
1993-02-01,0.0251989371284678
1993-03-01,0
1993-04-01,0
1993-05-01,0
1993-06-01,0
1993-07-01,0
1993-08-01,0
1993-09-01,0.0200460939626276
1993-10-01,0
1993-11-01,0.22862699043524
1993-12-01,0.564954219989523
1994-01-01,0.433996319736792
1994-02-01,0
1994-03-01,0
1994-04-01,0
1994-05-01,0
1994-06-01,0
1994-07-01,0
1994-08-01,0
1994-09-01,0
1994-10-01,0
1994-11-01,0
1994-12-01,0
1995-01-01,0
1995-02-01,0
1995-03-01,0
1995-04-01,0
1995-05-01,0
1995-06-01,0
1995-07-01,0
1995-08-01,0.121314602066191
1995-09-01,0.686403659134529
1995-10-01,0.708497666050739
1995-11-01,1.31174248483831
1995-12-01,1.29471654499421
1996-01-01,0.78870361316371
1996-02-01,0.346507322079322
1996-03-01,0
1996-04-01,0
1996-05-01,0
1996-06-01,0
1996-07-01,0
1996-08-01,0
1996-09-01,0
1996-10-01,0
1996-11-01,0
1996-12-01,0
1997-01-01,0
1997-02-01,0
1997-03-01,0
1997-04-01,0
1997-05-01,0
1997-06-01,0
1997-07-01,0
1997-08-01,0
1997-09-01,0
1997-10-01,0
1997-11-01,0
1997-12-01,0
1998-01-01,0
1998-02-01,0.177153776052907
1998-03-01,0.729591764069955
1998-04-01,0.702206182914072
1998-05-01,0.604030424359608
1998-06-01,0.831337414608438
1998-07-01,1.25851376810369
1998-08-01,1.2928891655158
1998-09-01,1.39551411597463
1998-10-01,1.41299122487121
1998-11-01,1.57077501687243
1998-12-01,1.67817638811971
1999-01-01,1.1172357042632
1999-02-01,0.678789839835923
1999-03-01,0.472761400934657
1999-04-01,0.419977988992331
1999-05-01,0.674972248553727
1999-06-01,0.771754872892312
1999-07-01,0.805028647185949
1999-08-01,0.85107435151654
1999-09-01,0.892937359192707
1999-10-01,0.862712250521995
1999-11-01,1.14639514383582
1999-12-01,0.60343102042249
2000-01-01,0.932288412153001
2000-02-01,1.47992213533393
2000-03-01,1.67895271457086
2000-04-01,2.02991613043622
2000-05-01,1.98604678744415
2000-06-01,1.82859786008344
2000-07-01,1.60248670129879
2000-08-01,1.30012200476614
2000-09-01,0.977507236791013
2000-10-01,0.926239318196704
2000-11-01,0.0210334814083753
2000-12-01,0.760847164035671
2001-01-01,0.904556772073034
2001-02-01,0.593373300787025
2001-03-01,0.637956222472167
2001-04-01,0.520532388236276
2001-05-01,0.446999494111049
2001-06-01,0.485956395783376
2001-07-01,0.535313021467919
2001-08-01,0.687908878844243
2001-09-01,0.9382363033191
2001-10-01,0.831354680486505
2001-11-01,0.59064755909408
2001-12-01,0.238824649964734
2002-01-01,0
2002-02-01,0
2002-03-01,0
2002-04-01,0
2002-05-01,0
2002-06-01,0
2002-07-01,0
2002-08-01,0
2002-09-01,0
2002-10-01,0
2002-11-01,0
2002-12-01,0
2003-01-01,1.18326442292257
2003-02-01,1.4081470566045
2003-03-01,1.60411751140087
2003-04-01,2.15268201206082
2003-05-01,3.41213573611635
2003-06-01,3.19174261185879
2003-07-01,2.92578023176086
2003-08-01,2.98709467366656
2003-09-01,2.40942582698167
2003-10-01,2.37532234887361
2003-11-01,2.27992648359284
2003-12-01,1.78905710754265
2004-01-01,0.5660413218139
2004-02-01,0.177153776052907
2004-03-01,0
2004-04-01,0
2004-05-01,0
2004-06-01,0
2004-07-01,0
2004-08-01,0
2004-09-01,0
2004-10-01,0
2004-11-01,0
2004-12-01,0
2005-01-01,0
2005-02-01,0
2005-03-01,0
2005-04-01,0
2005-05-01,0.385729345353943
2005-06-01,0.329133578515786
2005-07-01,0.333851064106277
2005-08-01,0.35218143425552
2005-09-01,0.0511904396413494
2005-10-01,0.242169152491493
2005-11-01,0.22862699043524
2005-12-01,0.39584836857195
2006-01-01,0.604509779324424
2006-02-01,0.765903837362444
2006-03-01,0
2006-04-01,0
2006-05-01,0
2006-06-01,0
2006-07-01,0
2006-08-01,0
2006-09-01,0
2006-10-01,0
2006-11-01,0
2006-12-01,0
2007-01-01,0
2007-02-01,0
2007-03-01,0
2007-04-01,0
2007-05-01,0.224385892889262
2007-06-01,0.223756949832255
2007-07-01,0.102904697065126
2007-08-01,0.0681600230533903
2007-09-01,0.0720807131564211
2007-10-01,0.971373812466998
2007-11-01,1.04921041055285
2007-12-01,0
2008-01-01,0.604509779324424
2008-02-01,0.0772490092875374
2008-03-01,0.194777686212317
2008-04-01,0.0443340522218099
2008-05-01,0.0290376577923344
2008-06-01,0
2008-07-01,0.0106068293366964
2008-08-01,0.0681600230533903
2008-09-01,0.140695537937297
2008-10-01,0.136250483387081
2008-11-01,0.382453958921719
2008-12-01,1.05839172856039
2009-01-01,0.795431071835745
2009-02-01,1.52851088942056
2009-03-01,0.66393856360598
2009-04-01,0.77570852040045
2009-05-01,0.515396864597994
2009-06-01,0.504422231496121
2009-07-01,0.493037126832633
2009-08-01,0.484295092329324
2009-09-01,0.496140932293027
2009-10-01,0.28532032067654
2009-11-01,0.22862699043524
2009-12-01,0.807870485673917
2010-01-01,1.08101364457239
2010-02-01,1.24553725041782
2010-03-01,2.04061959864256
2010-04-01,2.17195271680257
2010-05-01,2.63664084910067
2010-06-01,2.68073476900126
2010-07-01,2.87759740992563
2010-08-01,2.91332534037389
2010-09-01,2.96862185944402
2010-10-01,3.13049809925889
2010-11-01,3.42199704992836
2010-12-01,3.03594906520448
2011-01-01,2.60515147108225
2011-02-01,2.47938423909896
2011-03-01,2.24115547217533
2011-04-01,2.13351616284795
2011-05-01,1.68039125564186
2011-06-01,1.59388474576889
2011-07-01,1.53889411883475
2011-08-01,1.4631062868923
2011-09-01,1.27202436316368
2011-10-01,1.38368092562714
2011-11-01,1.5471489887648
2011-12-01,2.03992339526612
2012-01-01,2.2126737871251
2012-02-01,2.04247380992455
2012-03-01,1.87737449118648
2012-04-01,2.10496088607308
2012-05-01,2.46436479470234
2012-06-01,2.45396030316182
2012-07-01,2.31323322898841
2012-08-01,2.17906646518659
2012-09-01,2.26085619792893
2012-10-01,2.25757101958875
2012-11-01,2.33913117981598
2012-12-01,2.36036015395516
2013-01-01,2.06936883116683
2013-02-01,2.30406121762284
2013-03-01,2.43329267843426
2013-04-01,2.36054592833323
2013-05-01,1.87830840593285
2013-06-01,1.8897650376037
2013-07-01,1.74990845497591
2013-08-01,1.64209556323393
2013-09-01,1.6327610528266
2013-10-01,1.24078270781758
2013-11-01,1.25339009018413
2013-12-01,1.34062704864554
2014-01-01,1.42732705112427
2014-02-01,1.44786078119013
2014-03-01,1.18347420691131
2014-04-01,1.1489722512961
2014-05-01,1.42149584864496
2014-06-01,1.31256832146442
2014-07-01,0.984164780185555
2014-08-01,0.712568635425935
2014-09-01,0.625948424099886
2014-10-01,0.0483121903821475
2014-11-01,0.031717555035399
2014-12-01,0.144812276495254
2015-01-01,0.269778311195563
2015-02-01,0.236930035840811
2015-03-01,0.398564511754662
2015-04-01,0.469972027238233
2015-05-01,0.36145653789276
2015-06-01,0.26443958318501
2015-07-01,0.439304151507449
2015-08-01,0
2015-09-01,0
2015-10-01,0
2015-11-01,0
2015-12-01,0
2016-01-01,0
2016-02-01,0
2016-03-01,0
2016-04-01,0
2016-05-01,0
2016-06-01,0
2016-07-01,0
2016-08-01,0
2016-09-01,0.398659530556835
2016-10-01,0.666427542102601
2016-11-01,0.974553551874461
2016-12-01,0.687983843595373
2017-01-01,0.68904698486754
2017-02-01,0.712089577376474
2017-03-01,0.802999927457874
2017-04-01,0.682375505120412
2017-05-01,0.707611985474851
2017-06-01,0.818022071068623
2017-07-01,1.22221002076493
2017-08-01,1.69037947440103
2017-09-01,1.87961342732118
2017-10-01,0.958421043193615
2017-11-01,0.342034207351383
2017-12-01,0.66832455692573
2018-01-01,0.299741340638567
2018-02-01,0
2018-03-01,0
2018-04-01,0
2018-05-01,0
2018-06-01,0
2018-07-01,0
2018-08-01,0
2018-09-01,0
2018-10-01,0
2018-11-01,0
2018-12-01,0
2019-01-01,0
2019-02-01,0
2019-03-01,0
2019-04-01,0
2019-05-01,0
2019-06-01,0
2019-07-01,0
2019-08-01,0
2019-09-01,0
2019-10-01,0.373036208144356
2019-11-01,0.189633650288867
2019-12-01,0
